airtable_record_id,arda_item_eid,matched_via,tool_description,product_id,vendor,airtable_url
rec02BCOXzobUaoMp,4e77ced2-d8ed-42b5-90f3-c935540ee318,description,0260NS,E5977024,YG1,https://airtable.com/app95Qqnn3zB3iHEZ/tblK9Tm6I4hBKfNyS/rec02BCOXzobUaoMp
rec0BYx3GmmdGPL1a,b3d63f92-f2e6-4406-943b-17effa3a46c1,numeric-base,1956NS,07682305,Hertel,https://airtable.com/app95Qqnn3zB3iHEZ/tblK9Tm6I4hBKfNyS/rec0BYx3GmmdGPL1a
rec0rVtFZ443BAnH2,c01038dc-4922-4c8f-a358-e930bb73f706,description,"11 MRTL Shrink, .375 3"" GAGE",TM4-6053-C,Q-Mark,https://airtable.com/app95Qqnn3zB3iHEZ/tblK9Tm6I4hBKfNyS/rec0rVtFZ443BAnH2
rec0u9Ln4Ah4SLJQL,bf9dfd7d-6157-42a8-9972-6ec279def48f,description,0345NS,0250C05-28UN,Carmex,https://airtable.com/app95Qqnn3zB3iHEZ/tblK9Tm6I4hBKfNyS/rec0u9Ln4Ah4SLJQL
rec12MYpCnOX5Qwmm,58c4fe3c-6b29-47c6-b7de-eefb1dcc0b85,description,1581NS,79890349,Hertel,https://airtable.com/app95Qqnn3zB3iHEZ/tblK9Tm6I4hBKfNyS/rec12MYpCnOX5Qwmm
rec1AXLMBnf6qV2Lb,076ea985-0160-44d0-a6ff-f5c0ad200c0c,description,1587S,D4107047,YG1,https://airtable.com/app95Qqnn3zB3iHEZ/tblK9Tm6I4hBKfNyS/rec1AXLMBnf6qV2Lb
rec1GZekKtrewsft2,e8acc7b0-f873-47b7-aa94-3dcf10eeeb1f,numeric-base,0298C,UGMF68916,YG1,https://airtable.com/app95Qqnn3zB3iHEZ/tblK9Tm6I4hBKfNyS/rec1GZekKtrewsft2
rec1TGKDhl5zA9jCv,708cd74a-f1ce-413d-abd7-42fcd113f6e0,description,1977NS,9008270150050,Guhring,https://airtable.com/app95Qqnn3zB3iHEZ/tblK9Tm6I4hBKfNyS/rec1TGKDhl5zA9jCv
rec1UidvakYxRoUzi,8ad1e28d-7cc7-4477-ad23-ada55962a313,description,1549NS,YGDH408020F,YG1,https://airtable.com/app95Qqnn3zB3iHEZ/tblK9Tm6I4hBKfNyS/rec1UidvakYxRoUzi
rec1dgaKU4d5oXZF6,f3a618ad-1723-4aff-830d-e7492618c3a0,description,1974NS,04621900,OSG,https://airtable.com/app95Qqnn3zB3iHEZ/tblK9Tm6I4hBKfNyS/rec1dgaKU4d5oXZF6
rec1jy8otHBG46JdP,001a8b12-4b3f-4712-9f8d-3bdea0eae497,description,1952NS,9008270080040,Guhring,https://airtable.com/app95Qqnn3zB3iHEZ/tblK9Tm6I4hBKfNyS/rec1jy8otHBG46JdP
rec1kCTlLG8m1ZGnS,246e01c0-5589-4064-a587-6160b027c555,description,1512NS,9007320031700,Guhring,https://airtable.com/app95Qqnn3zB3iHEZ/tblK9Tm6I4hBKfNyS/rec1kCTlLG8m1ZGnS
rec1uisdaACVTcyaP,3267627d-32e7-4907-883c-3147a80b6d18,description,1533NS,D4107130,YG1,https://airtable.com/app95Qqnn3zB3iHEZ/tblK9Tm6I4hBKfNyS/rec1uisdaACVTcyaP
rec1zp0AnUiDNTkXq,7f0f5495-0247-4fc5-a6ef-ac338e7ca5c6,description,0239C,UGMF70S957,YG1,https://airtable.com/app95Qqnn3zB3iHEZ/tblK9Tm6I4hBKfNyS/rec1zp0AnUiDNTkXq
rec22xRepTqW9LxPr,a48a9b59-b4ad-4166-a1ae-fcbcdcc4cb8e,description,1970NS,9039750120070,Guhring,https://airtable.com/app95Qqnn3zB3iHEZ/tblK9Tm6I4hBKfNyS/rec22xRepTqW9LxPr
rec25eGAvv2OObCdv,9a1f8fba-f03e-47dd-b6fc-2cef97f1000b,numeric-base,0297C,UGMF70960,YG1,https://airtable.com/app95Qqnn3zB3iHEZ/tblK9Tm6I4hBKfNyS/rec25eGAvv2OObCdv
rec26prsBFhdfNnUL,4b12b3a2-6efa-400f-9013-50294e5b825b,description,3004NS,30146484,Hertel,https://airtable.com/app95Qqnn3zB3iHEZ/tblK9Tm6I4hBKfNyS/rec26prsBFhdfNnUL
rec29E7TI6YYBruWY,804da1fa-b761-4728-a553-67b69c8cecea,description,1547NS,4599866,Hertel,https://airtable.com/app95Qqnn3zB3iHEZ/tblK9Tm6I4hBKfNyS/rec29E7TI6YYBruWY
rec2Bh0zL9YgnLvH0,29d128ce-2d3f-4e77-96d8-ee557aa8b488,description,Renishaw OMP 40,,,https://airtable.com/app95Qqnn3zB3iHEZ/tblK9Tm6I4hBKfNyS/rec2Bh0zL9YgnLvH0
rec2DFH02BWrJe4aI,e4478491-46aa-4364-a394-67a3ed25a0b8,description,1599NS,74149089,Hertel,https://airtable.com/app95Qqnn3zB3iHEZ/tblK9Tm6I4hBKfNyS/rec2DFH02BWrJe4aI
rec2Kv6espGHbgyTt,b78fce70-35db-49bf-a644-811dff08424d,description,1503NS,DPP447052,YG1,https://airtable.com/app95Qqnn3zB3iHEZ/tblK9Tm6I4hBKfNyS/rec2Kv6espGHbgyTt
rec2Ob9WkzBCCSuF4,fb3b0d1f-0434-4740-8c2a-81c8cad38555,description,1528NS,YGD4107090,YG1,https://airtable.com/app95Qqnn3zB3iHEZ/tblK9Tm6I4hBKfNyS/rec2Ob9WkzBCCSuF4
rec2wve3nOrqqzllu,f196d4b9-e817-4f25-939e-17ecba2e98fb,description,0279NS,MT0250C0610ISO MT7,Carmex,https://airtable.com/app95Qqnn3zB3iHEZ/tblK9Tm6I4hBKfNyS/rec2wve3nOrqqzllu
rec3E4YS48UdYG4OZ,39cf9174-8ebb-4cad-a9c0-71b44eb79d51,description,0281NS,0040300256,Carmex,https://airtable.com/app95Qqnn3zB3iHEZ/tblK9Tm6I4hBKfNyS/rec3E4YS48UdYG4OZ
rec3NvY0v1iUaHRnV,5104466a-0978-436b-8d89-64b58a764f44,description,1668NS,2919A59,McMaster Carr,https://airtable.com/app95Qqnn3zB3iHEZ/tblK9Tm6I4hBKfNyS/rec3NvY0v1iUaHRnV
rec3dYUNF0vOFy9Br,ac8d69ec-b306-4fa3-9471-0d868af8d246,description,1611NS,07382,SGS,https://airtable.com/app95Qqnn3zB3iHEZ/tblK9Tm6I4hBKfNyS/rec3dYUNF0vOFy9Br
rec3nXuZmwdZEPCXw,ba813092-4107-4232-a05f-0b7167b584fd,description,1524NS,9038990017500,Guhring,https://airtable.com/app95Qqnn3zB3iHEZ/tblK9Tm6I4hBKfNyS/rec3nXuZmwdZEPCXw
rec3uLqWEuuO29ggj,15b2e42b-3199-4b5a-a669-fe1fd96ba560,description,1529NS,5072046,Walter-Titex,https://airtable.com/app95Qqnn3zB3iHEZ/tblK9Tm6I4hBKfNyS/rec3uLqWEuuO29ggj
rec3zQeUOLvol4wam,b7bdaa31-229d-4fda-b861-fbebf2a638cc,description,0309NS,88035,Micro Cut,https://airtable.com/app95Qqnn3zB3iHEZ/tblK9Tm6I4hBKfNyS/rec3zQeUOLvol4wam
rec43jDaCQ6VgF20O,a3e2fb39-1f2c-481e-8b6a-6f2fd846970c,description,2004NS,75678003,MSC,https://airtable.com/app95Qqnn3zB3iHEZ/tblK9Tm6I4hBKfNyS/rec43jDaCQ6VgF20O
rec4A6j4uwx5nM1eX,7f67b97d-06fa-4c00-b484-f6fdc0e55951,description,0349NS,61806,Niagara,https://airtable.com/app95Qqnn3zB3iHEZ/tblK9Tm6I4hBKfNyS/rec4A6j4uwx5nM1eX
rec4BlNMOXJHzE5MD,033dd68f-7484-47d9-bd29-9fdd7c9e848c,description,1552NS,9055140071400,Guhring,https://airtable.com/app95Qqnn3zB3iHEZ/tblK9Tm6I4hBKfNyS/rec4BlNMOXJHzE5MD
rec4IAHkvTipWtpPP,c12e4c13-d36d-447d-afa3-a577a4116836,description,0366NS,98560432,Fraisa,https://airtable.com/app95Qqnn3zB3iHEZ/tblK9Tm6I4hBKfNyS/rec4IAHkvTipWtpPP
rec4IDXrNje1rFMVz,b79daa81-8c4d-4ae5-a458-944f744c642a,description,0374NS,EMT 1212 D26 12 UNJ,CTC,https://airtable.com/app95Qqnn3zB3iHEZ/tblK9Tm6I4hBKfNyS/rec4IDXrNje1rFMVz
rec4L0td5RQIaffKc,9738baa9-7ce0-4857-9e16-f71c4676406c,description,1559NS,62990890,Guhring,https://airtable.com/app95Qqnn3zB3iHEZ/tblK9Tm6I4hBKfNyS/rec4L0td5RQIaffKc
rec4LLbVvTXrfHAuK,b45842f4-76bf-4978-92ac-d94833516507,numeric-base,1507C,DH715016,YG1 Dream,https://airtable.com/app95Qqnn3zB3iHEZ/tblK9Tm6I4hBKfNyS/rec4LLbVvTXrfHAuK
rec4Q79wV26SBs8tt,99b606de-bbe3-472a-b38e-e0d0e92acb2e,description,0307NS,37193-C3,Harvey Tool,https://airtable.com/app95Qqnn3zB3iHEZ/tblK9Tm6I4hBKfNyS/rec4Q79wV26SBs8tt
rec4Td9C23biM407a,0e3442b3-3e28-469b-ad18-d97aa9df14d2,description,0318NS,960460-C3,Harvey Tool,https://airtable.com/app95Qqnn3zB3iHEZ/tblK9Tm6I4hBKfNyS/rec4Td9C23biM407a
rec50IsKrqzOj9YTq,0e37032c-d43b-496c-a058-968b1f46a59c,coda-airtable-link,1683NS,74148545,MSC,https://airtable.com/app95Qqnn3zB3iHEZ/tblK9Tm6I4hBKfNyS/rec50IsKrqzOj9YTq
rec5BqQS67c2hkrHY,cb712821-dfe1-4b9f-878d-963c45a1e041,description,1563NS,9007320028700,Guhring,https://airtable.com/app95Qqnn3zB3iHEZ/tblK9Tm6I4hBKfNyS/rec5BqQS67c2hkrHY
rec5JoovEBZhcBnMX,8d29d545-f4e2-45e3-8130-b08e7e6c9ee9,numeric-base,0104C,MP7130,Mitsubishi,https://airtable.com/app95Qqnn3zB3iHEZ/tblK9Tm6I4hBKfNyS/rec5JoovEBZhcBnMX
rec5KTyd3P9BxV1sb,67f35744-8821-4315-9715-d13db4e1d7c7,description,1608S,YGDH424046,YG1,https://airtable.com/app95Qqnn3zB3iHEZ/tblK9Tm6I4hBKfNyS/rec5KTyd3P9BxV1sb
rec5MLAEvvaUTeEpB,270db195-8c44-4b55-a61d-989ace16cfac,numeric-base,1539NS,49712474,Balax,https://airtable.com/app95Qqnn3zB3iHEZ/tblK9Tm6I4hBKfNyS/rec5MLAEvvaUTeEpB
rec5Q3y0TFn8XCiYR,80421508-bce2-4ae6-b577-41249ebb647a,description,1965NS,64180466,OSG,https://airtable.com/app95Qqnn3zB3iHEZ/tblK9Tm6I4hBKfNyS/rec5Q3y0TFn8XCiYR
rec5STHZGSsOVsbx6,e74c25db-52f2-4a0a-a4c8-2fc979e4fd26,description,1615NS,D4107098K,YG1,https://airtable.com/app95Qqnn3zB3iHEZ/tblK9Tm6I4hBKfNyS/rec5STHZGSsOVsbx6
rec5Zj2UqzqFe3dlE,e8809a9c-fe59-4955-aa65-3743d99cf39b,description,0258NS,E5G98911,YG1,https://airtable.com/app95Qqnn3zB3iHEZ/tblK9Tm6I4hBKfNyS/rec5Zj2UqzqFe3dlE
rec5iQnQLOwm3OLZD,a36c990f-ae0e-4591-8ce0-b9e5abaa79d4,description,0332NS,SPTM290,SCT,https://airtable.com/app95Qqnn3zB3iHEZ/tblK9Tm6I4hBKfNyS/rec5iQnQLOwm3OLZD
rec5kkQ6IUfM2PFl2,454ec974-a9dc-44a8-b9f0-e1c38f1c99eb,description,0303NS,UGMF71931,YG1,https://airtable.com/app95Qqnn3zB3iHEZ/tblK9Tm6I4hBKfNyS/rec5kkQ6IUfM2PFl2
rec5oy47QqtJClmGH,fd2e66b5-bd9d-4a47-81fd-7621cb2ecb5b,description,0280NS,43771609,MSC,https://airtable.com/app95Qqnn3zB3iHEZ/tblK9Tm6I4hBKfNyS/rec5oy47QqtJClmGH
rec5rbw4fzI0YGVBF,fab55461-fa6b-4733-a28f-9853b181f7ba,description,1996NS,68574078,MSC,https://airtable.com/app95Qqnn3zB3iHEZ/tblK9Tm6I4hBKfNyS/rec5rbw4fzI0YGVBF
rec5ru1QQxo11KKyC,7f8d5dd9-90fb-4322-9a19-246ed3447da9,description,0287NS,62781208,Accupro,https://airtable.com/app95Qqnn3zB3iHEZ/tblK9Tm6I4hBKfNyS/rec5ru1QQxo11KKyC
rec61YunqbrwTxbzL,e292d22e-d5d2-460b-9f2e-40e01d45279e,description,1610S,DH451058,YG1,https://airtable.com/app95Qqnn3zB3iHEZ/tblK9Tm6I4hBKfNyS/rec61YunqbrwTxbzL
rec627srvoZEpZpQU,521a4df2-20cd-4244-83ab-572811d95478,description,1594NS,79889507,Hertel,https://airtable.com/app95Qqnn3zB3iHEZ/tblK9Tm6I4hBKfNyS/rec627srvoZEpZpQU
rec6LGcqmkjBsmGBw,0c745466-68aa-43f8-8445-771947cb3f02,description,2001NS,63310288,MSC,https://airtable.com/app95Qqnn3zB3iHEZ/tblK9Tm6I4hBKfNyS/rec6LGcqmkjBsmGBw
rec6XTUTPmNBbYUvu,740af244-e669-4b68-8d0d-a6cb7bd6067d,description,MRTL ER16 Micro Nut,,,https://airtable.com/app95Qqnn3zB3iHEZ/tblK9Tm6I4hBKfNyS/rec6XTUTPmNBbYUvu
rec6ZLgJERDrnzIV6,89fa4e8d-31ae-4a65-917a-8930b5b07d91,description,1656NS,30158984,MSC,https://airtable.com/app95Qqnn3zB3iHEZ/tblK9Tm6I4hBKfNyS/rec6ZLgJERDrnzIV6
rec6gjTNkXP2Jj69k,e2e6406a-2d62-44e1-8d26-8e6f4fb5380a,description,1969NS,19154-000,Balax,https://airtable.com/app95Qqnn3zB3iHEZ/tblK9Tm6I4hBKfNyS/rec6gjTNkXP2Jj69k
rec6mtgMMHmozP8nU,12d28a1e-8848-4184-8d4c-af82846d5419,description,0341NS,CF2-7504,Conical,https://airtable.com/app95Qqnn3zB3iHEZ/tblK9Tm6I4hBKfNyS/rec6mtgMMHmozP8nU
rec6x1RcZf5jghXKA,c01038dc-4922-4c8f-a358-e930bb73f706,description,"11 MRTL Shrink, .375 3"" GAGE",,,https://airtable.com/app95Qqnn3zB3iHEZ/tblK9Tm6I4hBKfNyS/rec6x1RcZf5jghXKA
rec70XWwNj6otDX0e,c01038dc-4922-4c8f-a358-e930bb73f706,description,"11 MRTL Shrink, .375 3"" GAGE",,,https://airtable.com/app95Qqnn3zB3iHEZ/tblK9Tm6I4hBKfNyS/rec70XWwNj6otDX0e
rec71t5YeOOQuLAAt,0813d3fa-bc82-4ce5-a553-7764c6ddc655,description,0264NS,01176916,Accupro,https://airtable.com/app95Qqnn3zB3iHEZ/tblK9Tm6I4hBKfNyS/rec71t5YeOOQuLAAt
rec7CiBZDfYU28BfZ,0e37032c-d43b-496c-a058-968b1f46a59c,CONFLICT,1681NS,48821946,MSC,https://airtable.com/app95Qqnn3zB3iHEZ/tblK9Tm6I4hBKfNyS/rec7CiBZDfYU28BfZ
rec7KYpWvzYdSW9YW,e0ce5bc8-aed4-4b98-8e89-ad2786e86816,description,0261NS,E5I58903,YG1,https://airtable.com/app95Qqnn3zB3iHEZ/tblK9Tm6I4hBKfNyS/rec7KYpWvzYdSW9YW
rec7PYvBnyyzh7aWg,7940c1b3-2189-48c9-892a-5c1f82c0a927,description,0289NS,37193-C3,Harvey Tool,https://airtable.com/app95Qqnn3zB3iHEZ/tblK9Tm6I4hBKfNyS/rec7PYvBnyyzh7aWg
rec7R5r7LC90DXRXG,b1732548-0010-4058-bb7a-49f4d4ba6a17,description,1976NS,1981908,OSG,https://airtable.com/app95Qqnn3zB3iHEZ/tblK9Tm6I4hBKfNyS/rec7R5r7LC90DXRXG
rec7VFa9vvBOcUW22,4c571571-b9ed-4a87-9150-7ae7db3a0e1d,description,1983NS,07681778,Hertel,https://airtable.com/app95Qqnn3zB3iHEZ/tblK9Tm6I4hBKfNyS/rec7VFa9vvBOcUW22
rec7YgLpb3w0bTvxN,4ae32a86-d2a9-4966-9e28-f6746cec9629,description,1576NS,YGDH408018F,YG1,https://airtable.com/app95Qqnn3zB3iHEZ/tblK9Tm6I4hBKfNyS/rec7YgLpb3w0bTvxN
rec7jKHkgcvaBVuCd,facc174b-d3f4-42ea-a439-0df0d6b4cf2d,description,1955NS,1750108,OSG,https://airtable.com/app95Qqnn3zB3iHEZ/tblK9Tm6I4hBKfNyS/rec7jKHkgcvaBVuCd
rec83FTaTdFsYsBRU,c01038dc-4922-4c8f-a358-e930bb73f706,description,"11 MRTL Shrink, .375 3"" GAGE",,,https://airtable.com/app95Qqnn3zB3iHEZ/tblK9Tm6I4hBKfNyS/rec83FTaTdFsYsBRU
rec8FauLioEv0ia2m,9b5aa7bb-3b45-4288-97cb-291fc06a4a08,description,1659NS,01057488,MA Ford,https://airtable.com/app95Qqnn3zB3iHEZ/tblK9Tm6I4hBKfNyS/rec8FauLioEv0ia2m
rec8LrmIDOZ3XVQiM,6749d1a7-4c6c-4aac-9960-014f81e29732,description,1971NS,13925-000,Balax,https://airtable.com/app95Qqnn3zB3iHEZ/tblK9Tm6I4hBKfNyS/rec8LrmIDOZ3XVQiM
rec8eoCRh0capC0Cj,55e25ecf-ff56-47a6-9c18-7d77f10dcee7,description,1967NS,49194459,OSG,https://airtable.com/app95Qqnn3zB3iHEZ/tblK9Tm6I4hBKfNyS/rec8eoCRh0capC0Cj
rec8oLA0hgOZ6lO5C,c25f09ee-1756-4c3a-85d8-af2e28ef6308,description,3002NS,9065130031700,Guhring,https://airtable.com/app95Qqnn3zB3iHEZ/tblK9Tm6I4hBKfNyS/rec8oLA0hgOZ6lO5C
rec91fz1jSfu0pKRC,9b8700c0-ca23-42b9-b851-1d42527dc925,description,0234NS,40693-C6,Harvey,https://airtable.com/app95Qqnn3zB3iHEZ/tblK9Tm6I4hBKfNyS/rec91fz1jSfu0pKRC
rec91miU01qyD5DIW,0b1d76a0-f8de-4f39-a2c9-e0cbf3291c74,numeric-base,1959NS,1981002,OSG,https://airtable.com/app95Qqnn3zB3iHEZ/tblK9Tm6I4hBKfNyS/rec91miU01qyD5DIW
rec9DvHGaf2gtWw0P,a5cdcdda-cf49-4db2-ad9f-223dbbebd282,description,1558NS,9007320047600,Guhring,https://airtable.com/app95Qqnn3zB3iHEZ/tblK9Tm6I4hBKfNyS/rec9DvHGaf2gtWw0P
rec9HJpPoRD8VgV7Q,2cd9d81e-c0d7-47f3-a9bc-2e01cf9ada43,description,0248NS,UHMH09908,YG1,https://airtable.com/app95Qqnn3zB3iHEZ/tblK9Tm6I4hBKfNyS/rec9HJpPoRD8VgV7Q
rec9IdaXV4H3qwJ5i,1d21341c-2e57-4fd4-8151-dfd5e38d0b1a,description,1569NS,22404920A,MA Ford,https://airtable.com/app95Qqnn3zB3iHEZ/tblK9Tm6I4hBKfNyS/rec9IdaXV4H3qwJ5i
rec9LYsIVPyIXWQOh,25710fd0-65cf-4a12-afc8-efab656d2a32,description,1536NS,9055200105000,Guhring,https://airtable.com/app95Qqnn3zB3iHEZ/tblK9Tm6I4hBKfNyS/rec9LYsIVPyIXWQOh
rec9M6zQUav5sWrPx,f9bacc57-b301-4643-8eb0-01bf29119eb7,description,1586NS,30156988,Hertel,https://airtable.com/app95Qqnn3zB3iHEZ/tblK9Tm6I4hBKfNyS/rec9M6zQUav5sWrPx
rec9Of2KiVQsJy4GB,513b8659-113e-4366-b955-035351ef5379,description,0256NS,GMH72904,YG1,https://airtable.com/app95Qqnn3zB3iHEZ/tblK9Tm6I4hBKfNyS/rec9Of2KiVQsJy4GB
rec9h3bucqj3veKmm,9246ee33-d1be-46a8-9023-3bcf3fed014a,description,1564NS,27211850NC,MA Ford,https://airtable.com/app95Qqnn3zB3iHEZ/tblK9Tm6I4hBKfNyS/rec9h3bucqj3veKmm
rec9pz6F0AuPnUKTV,5b5afad9-b967-45e1-b053-90aec42b8e4d,description,1901NS,8003000,OSG,https://airtable.com/app95Qqnn3zB3iHEZ/tblK9Tm6I4hBKfNyS/rec9pz6F0AuPnUKTV
recA3OOv3MVxrCwh0,fffd1af0-7399-4361-a9fa-0be78ac2865b,description,1972NS,1232600,OSG,https://airtable.com/app95Qqnn3zB3iHEZ/tblK9Tm6I4hBKfNyS/recA3OOv3MVxrCwh0
recA5Rf4exUhzLIgY,c01038dc-4922-4c8f-a358-e930bb73f706,description,"11 MRTL Shrink, .375 3"" GAGE",,,https://airtable.com/app95Qqnn3zB3iHEZ/tblK9Tm6I4hBKfNyS/recA5Rf4exUhzLIgY
recACUHNDjPsppArg,d9da4c02-20b3-458e-b0fa-dbdf0c5fb9b0,description,3000NS,DHM10090,YG1,https://airtable.com/app95Qqnn3zB3iHEZ/tblK9Tm6I4hBKfNyS/recACUHNDjPsppArg
recADXGmMrk3hHi8s,271e6408-6e35-4236-9fd6-e8a46b52c09a,description,0375NS,EMT 1212 D26 14 UNJ,CTC,https://airtable.com/app95Qqnn3zB3iHEZ/tblK9Tm6I4hBKfNyS/recADXGmMrk3hHi8s
recADvhYrigHuXu1B,f3f0ec30-985a-4f30-a85a-7b5db37191fc,description,0268NS,66-1135,Internal Tool,https://airtable.com/app95Qqnn3zB3iHEZ/tblK9Tm6I4hBKfNyS/recADvhYrigHuXu1B
recAHDYUQakkUbjTy,d0d2da29-5e21-4249-89b1-f6aed927ab77,description,0310NS,76431,Micro Cut,https://airtable.com/app95Qqnn3zB3iHEZ/tblK9Tm6I4hBKfNyS/recAHDYUQakkUbjTy
recAHKm9sKeCXyjS2,178dcaa0-d8d4-487b-8547-1d3fb5f8fce4,description,1947NS,65134116,OSG,https://airtable.com/app95Qqnn3zB3iHEZ/tblK9Tm6I4hBKfNyS/recAHKm9sKeCXyjS2
recANmaXcQQtgxMAr,8f3cb37e-fab9-43cd-a741-4ab7a4ba80d2,description,1591NS,58232810,MSC,https://airtable.com/app95Qqnn3zB3iHEZ/tblK9Tm6I4hBKfNyS/recANmaXcQQtgxMAr
recAP5YljJeRKp1hm,53b94b1e-bfe8-4280-b34b-8c9106bd6aa1,description,1553NS,YGDH424013F,YG1,https://airtable.com/app95Qqnn3zB3iHEZ/tblK9Tm6I4hBKfNyS/recAP5YljJeRKp1hm
recAPYyQj4boBkv4G,d6b6b01d-6d2f-4bf3-91de-947a5b86b3f7,numeric-base,1964NS,13280,Widia,https://airtable.com/app95Qqnn3zB3iHEZ/tblK9Tm6I4hBKfNyS/recAPYyQj4boBkv4G
recAczFuWBdBIfzQb,6d2adf3d-d462-450d-800a-ca29c862c55a,description,1609NS,DH424028,YG1,https://airtable.com/app95Qqnn3zB3iHEZ/tblK9Tm6I4hBKfNyS/recAczFuWBdBIfzQb
recAh1SsWDe4zwfmu,daf811c6-2728-4c82-b763-02050c183c61,numeric-base,201C,ART30500-06 | EDP#117601,MSC,https://airtable.com/app95Qqnn3zB3iHEZ/tblK9Tm6I4hBKfNyS/recAh1SsWDe4zwfmu
recAh69idQunjGvtN,8611c582-2637-4b9f-a042-f4271c6061c0,description,0329NS,68-1310,Internal Tool,https://airtable.com/app95Qqnn3zB3iHEZ/tblK9Tm6I4hBKfNyS/recAh69idQunjGvtN
recAjX8BWj9SaMQ7o,c01038dc-4922-4c8f-a358-e930bb73f706,description,"11 MRTL Shrink, .375 3"" GAGE",,,https://airtable.com/app95Qqnn3zB3iHEZ/tblK9Tm6I4hBKfNyS/recAjX8BWj9SaMQ7o
recB4tmUg3mF4JOds,b7418ba1-4119-4318-84e6-0912da9e662f,numeric-base,0229C,UGMF70902,YG1,https://airtable.com/app95Qqnn3zB3iHEZ/tblK9Tm6I4hBKfNyS/recB4tmUg3mF4JOds
recB7qnd1gI3NczHd,4714dead-d5bd-458c-be75-8f87d8bbe406,numeric-base,1644NS,59392142,Guhring,https://airtable.com/app95Qqnn3zB3iHEZ/tblK9Tm6I4hBKfNyS/recB7qnd1gI3NczHd
recBCOCBKd0RD92Dk,6c85fe46-c9a0-47ff-83de-c1dcf247b244,description,1661NS,49716830,MSC,https://airtable.com/app95Qqnn3zB3iHEZ/tblK9Tm6I4hBKfNyS/recBCOCBKd0RD92Dk
recBF2owjUVLKtscp,997fa394-98b6-448e-b26a-c74777950b15,description,0251NS,38566,YG1,https://airtable.com/app95Qqnn3zB3iHEZ/tblK9Tm6I4hBKfNyS/recBF2owjUVLKtscp
recBIjdyOCk8YLvSI,d270d144-2fcb-4ddb-8f5a-48e589581d08,description,1925S,12312-91C,Balax,https://airtable.com/app95Qqnn3zB3iHEZ/tblK9Tm6I4hBKfNyS/recBIjdyOCk8YLvSI
recBMd9TQS6dsXrWc,58e9880e-b69e-4ded-9f1b-48fd3dbee06d,description,1649NS,27219000A,MA Ford,https://airtable.com/app95Qqnn3zB3iHEZ/tblK9Tm6I4hBKfNyS/recBMd9TQS6dsXrWc
recBQtP3di89BRrOs,74991472-a50f-4472-b40f-489b494b6d16,description,0330NS,SPTM372L,SCT,https://airtable.com/app95Qqnn3zB3iHEZ/tblK9Tm6I4hBKfNyS/recBQtP3di89BRrOs
recBSAWOnxewmbN2T,bc89d8bc-5f25-476d-a3f5-ed2025690364,description,1506NS,D4147216,YG1,https://airtable.com/app95Qqnn3zB3iHEZ/tblK9Tm6I4hBKfNyS/recBSAWOnxewmbN2T
recBWKGpXptc6VDF9,640b4368-b1f9-49e5-ba44-0918e60c714c,description,1500NS,DH429037,Accupro,https://airtable.com/app95Qqnn3zB3iHEZ/tblK9Tm6I4hBKfNyS/recBWKGpXptc6VDF9
recBjFwg7RNZ4T4q5,fd1c903e-5c9c-4137-a2f2-c4edc92d503b,numeric-base,1589NS,41577693,Accupro,https://airtable.com/app95Qqnn3zB3iHEZ/tblK9Tm6I4hBKfNyS/recBjFwg7RNZ4T4q5
recBjNYzlwBD0DM2q,26278550-d319-4d87-9639-7b08dc795ed0,description,1981NS,2833201,OSG,https://airtable.com/app95Qqnn3zB3iHEZ/tblK9Tm6I4hBKfNyS/recBjNYzlwBD0DM2q
recBpDIqKGo7K6zYj,174a6987-55a0-4c13-bc3d-86b431b81a25,description,1989NS,1636000608,OSG,https://airtable.com/app95Qqnn3zB3iHEZ/tblK9Tm6I4hBKfNyS/recBpDIqKGo7K6zYj
recBpMyjpfatfVl9j,3f1220e8-2270-4c59-a6ec-b72d7b8b7983,description,0291NS,E5G97909,YG1,https://airtable.com/app95Qqnn3zB3iHEZ/tblK9Tm6I4hBKfNyS/recBpMyjpfatfVl9j
recBxrCm8Wlhj7CkR,e28ccd4f-7919-4884-9bab-e45deb68bb20,description,1986NS,1725601,OSG,https://airtable.com/app95Qqnn3zB3iHEZ/tblK9Tm6I4hBKfNyS/recBxrCm8Wlhj7CkR
recByy8ggkMTHa52n,1490b39c-539d-4cd2-97a0-e862462acf7d,description,0250NS,UGMG23024,YG1,https://airtable.com/app95Qqnn3zB3iHEZ/tblK9Tm6I4hBKfNyS/recByy8ggkMTHa52n
recCFlTLw737b5riz,3c8c36d2-fbcb-4c23-9f33-65a049149a42,description,0305NS,37573,YG1,https://airtable.com/app95Qqnn3zB3iHEZ/tblK9Tm6I4hBKfNyS/recCFlTLw737b5riz
recCcT6NVfc9pn9xh,14f7d7cb-498b-43d0-ac38-a6c335f1e775,numeric-base,1501C,D4107100,YG1,https://airtable.com/app95Qqnn3zB3iHEZ/tblK9Tm6I4hBKfNyS/recCcT6NVfc9pn9xh
recCg9T5Nq9BlGi6x,24437aa0-bd1f-45d0-82d8-0fcec7a36d9a,description,1509NS,D418116,YG1,https://airtable.com/app95Qqnn3zB3iHEZ/tblK9Tm6I4hBKfNyS/recCg9T5Nq9BlGi6x
recCk5NjGgqSmJ9Bn,e384f0e4-baae-4824-91e3-890197502bd3,description,1597NS,62990668,Guhring,https://airtable.com/app95Qqnn3zB3iHEZ/tblK9Tm6I4hBKfNyS/recCk5NjGgqSmJ9Bn
recCo2PY9G8RI1kOG,4dbce822-8560-4bbc-94b3-efcfaf27d6d6,description,1674NS,,,https://airtable.com/app95Qqnn3zB3iHEZ/tblK9Tm6I4hBKfNyS/recCo2PY9G8RI1kOG
recCyVEDCbPgsp4Qg,39e9b80f-7a27-42c5-ae9c-8320e4e6fb75,description,1639NS,086071-46034,Precision,https://airtable.com/app95Qqnn3zB3iHEZ/tblK9Tm6I4hBKfNyS/recCyVEDCbPgsp4Qg
recDB4mP1kH5CdUGW,972511ea-a3aa-4946-8676-e7785d81b571,description,1638NS,D1191033,YG1,https://airtable.com/app95Qqnn3zB3iHEZ/tblK9Tm6I4hBKfNyS/recDB4mP1kH5CdUGW
recDjkmLws5kdyDUI,3e3bfd11-b0ea-48e8-b725-c52b3dbd6cab,description,1930S,1400125605,OSG,https://airtable.com/app95Qqnn3zB3iHEZ/tblK9Tm6I4hBKfNyS/recDjkmLws5kdyDUI
recDz5JfKHUDIbm8S,6efddcab-3b61-4cf3-b857-7236133dbb01,numeric-base,0322NS,SV3-end mill,Pierson,https://airtable.com/app95Qqnn3zB3iHEZ/tblK9Tm6I4hBKfNyS/recDz5JfKHUDIbm8S
recE2uE9Cbll23IxJ,91dd5238-6658-4686-8614-a9248b34e628,description,1924NS,1400137305,OSG,https://airtable.com/app95Qqnn3zB3iHEZ/tblK9Tm6I4hBKfNyS/recE2uE9Cbll23IxJ
recE7vzkJRUGsQnQC,17ec1ff7-2275-43c5-b2cc-1efe2c667e81,description,1979NS,1625056247,OSG,https://airtable.com/app95Qqnn3zB3iHEZ/tblK9Tm6I4hBKfNyS/recE7vzkJRUGsQnQC
recEFD0hORW13FYUO,c54a9a57-ce49-4019-a8b6-6ee35b74e3af,numeric-base,1515C,DH424084K,YG1,https://airtable.com/app95Qqnn3zB3iHEZ/tblK9Tm6I4hBKfNyS/recEFD0hORW13FYUO
recEGIexdAjqWUNzA,de4c22f1-5d56-4a03-b7a8-e46cda66e93a,description,1554NS,5072685,Walter-Titex,https://airtable.com/app95Qqnn3zB3iHEZ/tblK9Tm6I4hBKfNyS/recEGIexdAjqWUNzA
recEHbLdBTnq9ut8F,b1146af9-42a2-470b-be78-49c7450fdef1,description,0240NS,74393-C3,Harvey Tool,https://airtable.com/app95Qqnn3zB3iHEZ/tblK9Tm6I4hBKfNyS/recEHbLdBTnq9ut8F
recEIGj1uQOQTX7lN,0b12cf33-fd1b-4d2b-b9fa-16ef60878a24,numeric-base,0257C,17004754,Niagara Cutter,https://airtable.com/app95Qqnn3zB3iHEZ/tblK9Tm6I4hBKfNyS/recEIGj1uQOQTX7lN
recEMA9lDAFulDsje,954fd82f-e916-44a9-affc-4256d5f222c7,description,2003NS,63310213,MSC,https://airtable.com/app95Qqnn3zB3iHEZ/tblK9Tm6I4hBKfNyS/recEMA9lDAFulDsje
recESDYi9SZl4cs2g,f3ae011a-5df7-4252-852b-559ec24790c3,numeric-base,1630NS,9055100077000,Guhring,https://airtable.com/app95Qqnn3zB3iHEZ/tblK9Tm6I4hBKfNyS/recESDYi9SZl4cs2g
recESr5Fb6N00xukZ,4a86177d-a90f-401b-abc6-86228ed25dac,description,0340NS,3500-.375-120DEG,Maritool,https://airtable.com/app95Qqnn3zB3iHEZ/tblK9Tm6I4hBKfNyS/recESr5Fb6N00xukZ
recEWlHQ1JCFvQRNG,b152f212-8c16-4004-af20-de8554a126d1,description,1605S,48822563,OSG,https://airtable.com/app95Qqnn3zB3iHEZ/tblK9Tm6I4hBKfNyS/recEWlHQ1JCFvQRNG
recEg8Hu5K9aG66uH,cc22c279-bab5-47b4-b9a9-102cd8732076,description,3010NS,02330645,MSC,https://airtable.com/app95Qqnn3zB3iHEZ/tblK9Tm6I4hBKfNyS/recEg8Hu5K9aG66uH
recEhnSiOXIJlP6qL,6e02df3a-9f07-4d6c-939e-02d64a53aaae,description,1655NS,5986872,Dormer,https://airtable.com/app95Qqnn3zB3iHEZ/tblK9Tm6I4hBKfNyS/recEhnSiOXIJlP6qL
recEwZlRr3VG4eX36,29103774-d417-48ee-a4f1-29dc04584787,description,0276NS,MT0250C0520UN MT7,Carmex,https://airtable.com/app95Qqnn3zB3iHEZ/tblK9Tm6I4hBKfNyS/recEwZlRr3VG4eX36
recF4GhnpjWOwpI9e,675a32f8-3884-47ca-93a1-cf6fe87ec74b,description,1949NS,99152258,Helicoil,https://airtable.com/app95Qqnn3zB3iHEZ/tblK9Tm6I4hBKfNyS/recF4GhnpjWOwpI9e
recF6YMbbsrsqjhVv,09167565-d0f8-4209-b2fc-b67d09301a63,description,1911NS,01483,YG1,https://airtable.com/app95Qqnn3zB3iHEZ/tblK9Tm6I4hBKfNyS/recF6YMbbsrsqjhVv
recF91m82lLnzEUrN,80dcb6f0-6f9e-4920-9b29-9fed155fe732,description,0308NS,07337207,Accupro,https://airtable.com/app95Qqnn3zB3iHEZ/tblK9Tm6I4hBKfNyS/recF91m82lLnzEUrN
recFR4NWjNPVA5Ck6,72c86e57-5893-417e-8ffc-2edec37e681e,numeric-base,1951NS,1635087547,OSG,https://airtable.com/app95Qqnn3zB3iHEZ/tblK9Tm6I4hBKfNyS/recFR4NWjNPVA5Ck6
recFSP2yqQXSW8bNg,418b3465-99d8-49ef-a935-56f6040d06c5,description,1918NS,10900600,OSG,https://airtable.com/app95Qqnn3zB3iHEZ/tblK9Tm6I4hBKfNyS/recFSP2yqQXSW8bNg
recFZSmO0gCn5XmIN,f8f55418-d065-4cb8-ac57-555a8d7883c3,numeric-base,0223C,UGMF71915,YG1,https://airtable.com/app95Qqnn3zB3iHEZ/tblK9Tm6I4hBKfNyS/recFZSmO0gCn5XmIN
recFjrSf46jDzVcrx,14f7d7cb-498b-43d0-ac38-a6c335f1e775,description,1501S,D4107100,YG1,https://airtable.com/app95Qqnn3zB3iHEZ/tblK9Tm6I4hBKfNyS/recFjrSf46jDzVcrx
recFrWMTfnSM3hK38,f45d3413-3589-499f-adbc-7aa54491f6bb,numeric-base,1929NS,1625010326,OSG,https://airtable.com/app95Qqnn3zB3iHEZ/tblK9Tm6I4hBKfNyS/recFrWMTfnSM3hK38
recFxJzOIXWfdQI7T,0af39e88-4bd3-4ef7-ae84-d0dcb9f72a91,description,0371NS,78958279,MSC,https://airtable.com/app95Qqnn3zB3iHEZ/tblK9Tm6I4hBKfNyS/recFxJzOIXWfdQI7T
recFy1YGepRyc8Wgb,c01038dc-4922-4c8f-a358-e930bb73f706,description,"11 MRTL Shrink, .375 3"" GAGE",,,https://airtable.com/app95Qqnn3zB3iHEZ/tblK9Tm6I4hBKfNyS/recFy1YGepRyc8Wgb
recG1XXYBHDLuYqxr,a9051ebe-8fd0-431e-a9c2-e018f5e7bbff,description,2005NS,45674462,MSC,https://airtable.com/app95Qqnn3zB3iHEZ/tblK9Tm6I4hBKfNyS/recG1XXYBHDLuYqxr
recGGnKYZjgVTlOe7,efa67cfe-a107-41cb-b179-62f7118d3ad0,description,0346NS,Custom,AB Tools,https://airtable.com/app95Qqnn3zB3iHEZ/tblK9Tm6I4hBKfNyS/recGGnKYZjgVTlOe7
recGQuupaJPS3WHZ2,ccf456a9-b1aa-4571-ae98-31311479d27b,description,1632NS,EDP DH451028F,CTC,https://airtable.com/app95Qqnn3zB3iHEZ/tblK9Tm6I4hBKfNyS/recGQuupaJPS3WHZ2
recGbd4m3XCr2xF0o,8fd121ac-5e3a-4227-94f6-f4ebdb52e779,description,1574NS,9024630023800,Guhring,https://airtable.com/app95Qqnn3zB3iHEZ/tblK9Tm6I4hBKfNyS/recGbd4m3XCr2xF0o
recGdOVCUgUbde1gp,a5e027ca-d1f2-4380-b2ad-061a5cf2b920,numeric-base,1960NS,13375,Widia,https://airtable.com/app95Qqnn3zB3iHEZ/tblK9Tm6I4hBKfNyS/recGdOVCUgUbde1gp
recGoV43VcrNKq4N4,6a040e03-d82a-4fd8-877a-bbe4a540fb3c,description,1940S,1410104308,OSG,https://airtable.com/app95Qqnn3zB3iHEZ/tblK9Tm6I4hBKfNyS/recGoV43VcrNKq4N4
recGrvkCvaeUhwZJH,7c13a6c6-e2c0-4182-8be1-9e9a70a22d2a,numeric-base,0246C,YGUGMF70S956,YG1,https://airtable.com/app95Qqnn3zB3iHEZ/tblK9Tm6I4hBKfNyS/recGrvkCvaeUhwZJH
recH8M19JIepF9z2W,951d7914-cf5a-44fe-8794-8595821d65ba,numeric-base,1922NS,9039160035050,Guhring,https://airtable.com/app95Qqnn3zB3iHEZ/tblK9Tm6I4hBKfNyS/recH8M19JIepF9z2W
recH9OxOlAg5NQ3Sk,da37207a-3490-45d5-853a-6997569082b7,description,1968NS,9008270120050,Guhring,https://airtable.com/app95Qqnn3zB3iHEZ/tblK9Tm6I4hBKfNyS/recH9OxOlAg5NQ3Sk
recHHfOu7RwJ29NnV,b4128f1b-b939-4ee1-99e5-ba8869c78394,numeric-base,0296NS,P98404432,Fraisa,https://airtable.com/app95Qqnn3zB3iHEZ/tblK9Tm6I4hBKfNyS/recHHfOu7RwJ29NnV
recHLLMViZm6cDSTm,5aff4a9d-d819-4f4e-8e64-7df83a8c56dd,description,1633NS,9055250063500,Guhring,https://airtable.com/app95Qqnn3zB3iHEZ/tblK9Tm6I4hBKfNyS/recHLLMViZm6cDSTm
recHtH5NbEzZkH0cQ,5f733e41-5b40-4330-bffc-b5b5d618f9a0,description,1596,99692,M.A. Ford,https://airtable.com/app95Qqnn3zB3iHEZ/tblK9Tm6I4hBKfNyS/recHtH5NbEzZkH0cQ
recHxWlpH3RmQRv0I,cd2f7c3e-abb0-4c62-a0fa-921b15be8b37,description,1662NS,79891271,MSC,https://airtable.com/app95Qqnn3zB3iHEZ/tblK9Tm6I4hBKfNyS/recHxWlpH3RmQRv0I
recI3H9nY4QlUbXnH,136fdbe2-f516-419d-bd4f-b13d75ad78e0,description,1543NS,DH423120K,YG1,https://airtable.com/app95Qqnn3zB3iHEZ/tblK9Tm6I4hBKfNyS/recI3H9nY4QlUbXnH
recIDkzyg6pjZz1mP,b581dbe7-1b01-42b1-ab66-a9c4e55dc649,description,0320NS,956124-C3,Harvey Tool,https://airtable.com/app95Qqnn3zB3iHEZ/tblK9Tm6I4hBKfNyS/recIDkzyg6pjZz1mP
recISUFh6bCSrp3zO,ea24a8a1-935d-4c6d-acda-015c58af82d5,description,1614S,YGDH424075,YG1,https://airtable.com/app95Qqnn3zB3iHEZ/tblK9Tm6I4hBKfNyS/recISUFh6bCSrp3zO
recIYSXlXHx9Nd8zz,0e6ee2c7-8279-42d1-8c84-977769412491,description,0211NS,CHAMFER MILL 1/4 X 90 DEG,,https://airtable.com/app95Qqnn3zB3iHEZ/tblK9Tm6I4hBKfNyS/recIYSXlXHx9Nd8zz
recIkrBIqKczWIWyK,e30edcd1-f2ae-4b0e-aa55-0737288422ee,description,1999NS,00245860,MSC,https://airtable.com/app95Qqnn3zB3iHEZ/tblK9Tm6I4hBKfNyS/recIkrBIqKczWIWyK
recItRnSY1grX0Ghe,9808f939-6fdc-47d8-a096-8df607f1ce12,description,1518NS,YGDH423032F,YG1 Dream,https://airtable.com/app95Qqnn3zB3iHEZ/tblK9Tm6I4hBKfNyS/recItRnSY1grX0Ghe
recIvGSzsN8SOSHEH,f52422d2-1ce3-44e6-89c9-34281a74ad86,description,1643NS,58579129,Guhring,https://airtable.com/app95Qqnn3zB3iHEZ/tblK9Tm6I4hBKfNyS/recIvGSzsN8SOSHEH
recJ0bj9gPC5SYf4n,18da7784-7419-4a7f-a6db-4fcca71a2602,description,0221NS,UGMF68S918,YG1,https://airtable.com/app95Qqnn3zB3iHEZ/tblK9Tm6I4hBKfNyS/recJ0bj9gPC5SYf4n
recJ8cfdbtfKkqbfy,f78105e3-70b1-4739-b408-2526eab8c1ba,description,0243NS,E5G98927,YG1,https://airtable.com/app95Qqnn3zB3iHEZ/tblK9Tm6I4hBKfNyS/recJ8cfdbtfKkqbfy
recJ8msAuIWbIIHjJ,a8a5e48f-ba13-497a-9054-0e0c007fa0f9,description,0321NS,76-9040,Internal Tool,https://airtable.com/app95Qqnn3zB3iHEZ/tblK9Tm6I4hBKfNyS/recJ8msAuIWbIIHjJ
recJAl9HrHBGDev37,93347b9e-b651-43d6-b048-70b248db998e,numeric-base,1936NS,34400608,OSG,https://airtable.com/app95Qqnn3zB3iHEZ/tblK9Tm6I4hBKfNyS/recJAl9HrHBGDev37
recJI21GPl28quHZo,6ebbc0dd-88ac-40e8-bce3-385d599ca07e,description,1684NS,2.CD.150100.CA,CTC,https://airtable.com/app95Qqnn3zB3iHEZ/tblK9Tm6I4hBKfNyS/recJI21GPl28quHZo
recJJRM87xpyiNS1U,c01038dc-4922-4c8f-a358-e930bb73f706,description,"11 MRTL Shrink, .375 3"" GAGE",,,https://airtable.com/app95Qqnn3zB3iHEZ/tblK9Tm6I4hBKfNyS/recJJRM87xpyiNS1U
recJUQg0O2sm3Mdlx,4341d197-487d-493e-b0ef-7abb4ef50925,description,0272NS,23214-C3,Harvey Tool,https://airtable.com/app95Qqnn3zB3iHEZ/tblK9Tm6I4hBKfNyS/recJUQg0O2sm3Mdlx
recJhc8FAMoV0pEVi,c4df624b-5ad6-41a5-aebb-673a5c251bc9,description,0360NS,80539505,MSC,https://airtable.com/app95Qqnn3zB3iHEZ/tblK9Tm6I4hBKfNyS/recJhc8FAMoV0pEVi
recJvlvhK9Q6Q6vrn,c54f2793-b4cc-4c0f-bec5-52c7721e9f10,description,3009NS,DH510044,YG1,https://airtable.com/app95Qqnn3zB3iHEZ/tblK9Tm6I4hBKfNyS/recJvlvhK9Q6Q6vrn
recK45JqrBilyIgdu,fb8ad8bf-8cd5-4490-a43c-382db3e22374,description,1975NS,9039730120070,Guhring,https://airtable.com/app95Qqnn3zB3iHEZ/tblK9Tm6I4hBKfNyS/recK45JqrBilyIgdu
recKF8nrnkOgvMpZr,88009018-0845-4b1a-b50a-4e14573440df,description,0215NS,80078,MicroCut,https://airtable.com/app95Qqnn3zB3iHEZ/tblK9Tm6I4hBKfNyS/recKF8nrnkOgvMpZr
recKWBumwC5qr63Up,f72e9bbb-145b-4501-86d0-450442ce157a,description,1685NS,2.CD.150100.CA,CTC,https://airtable.com/app95Qqnn3zB3iHEZ/tblK9Tm6I4hBKfNyS/recKWBumwC5qr63Up
recKje2kraOi8RONc,97d99c69-e1bb-4047-a154-2881f951a9c1,description,0208S,E5G95902,YG1,https://airtable.com/app95Qqnn3zB3iHEZ/tblK9Tm6I4hBKfNyS/recKje2kraOi8RONc
recKmA8sq3828CLvx,d8e82385-5873-4330-8b13-fdb2b512465d,numeric-base,0324NS,19001214,ProMax,https://airtable.com/app95Qqnn3zB3iHEZ/tblK9Tm6I4hBKfNyS/recKmA8sq3828CLvx
recKpGvkqIwz9cpJ3,e20786fd-5bad-4eb0-b83c-dfa465d1469a,numeric-base,0222C,E5G98920,YG1,https://airtable.com/app95Qqnn3zB3iHEZ/tblK9Tm6I4hBKfNyS/recKpGvkqIwz9cpJ3
recKzRjqqOhXiDk9e,8172c5a9-f89e-4795-a244-27769a7b4f0a,description,1998NS,68574078,MSC,https://airtable.com/app95Qqnn3zB3iHEZ/tblK9Tm6I4hBKfNyS/recKzRjqqOhXiDk9e
recL4qC4XUJWFvcSG,c01038dc-4922-4c8f-a358-e930bb73f706,description,"11 MRTL Shrink, .375 3"" GAGE",,,https://airtable.com/app95Qqnn3zB3iHEZ/tblK9Tm6I4hBKfNyS/recL4qC4XUJWFvcSG
recL9WuOOkUxaeSca,0a53e22a-3a1d-430e-904d-d5993ec04063,description,1607S,DH408042K,YG1,https://airtable.com/app95Qqnn3zB3iHEZ/tblK9Tm6I4hBKfNyS/recL9WuOOkUxaeSca
recLLSchmVsSwTd59,6a6152dd-4af8-4307-9936-2f3fe40890a3,description,1557NS,54013,Chicago-Latrobe,https://airtable.com/app95Qqnn3zB3iHEZ/tblK9Tm6I4hBKfNyS/recLLSchmVsSwTd59
recLQhq7jdH3YyacH,05809847-01e5-4f16-8b3e-4f3d1dcee8e7,numeric-base,1502NS,00901082,SGS,https://airtable.com/app95Qqnn3zB3iHEZ/tblK9Tm6I4hBKfNyS/recLQhq7jdH3YyacH
recLTo00xNazdsYC2,586bfcba-2681-4925-8a5e-b96e22a8bbcb,description,0218NS,68-1575,Internal Tool,https://airtable.com/app95Qqnn3zB3iHEZ/tblK9Tm6I4hBKfNyS/recLTo00xNazdsYC2
recLX9ZgXPU8vyyEQ,e7fcdf66-46da-45f0-849e-5845491cda0b,description,1646NS,27212550NC,MA Ford,https://airtable.com/app95Qqnn3zB3iHEZ/tblK9Tm6I4hBKfNyS/recLX9ZgXPU8vyyEQ
recLZW7QjF211OZYK,8d518d40-c3f5-44a9-94c4-c5283a3d7b0f,description,1617NS,70647532,OSG,https://airtable.com/app95Qqnn3zB3iHEZ/tblK9Tm6I4hBKfNyS/recLZW7QjF211OZYK
recLf3elI5sjuE8tQ,6e49660b-7e60-48a1-b1bd-e7f3583372aa,description,1545NS,79891362,Hertel,https://airtable.com/app95Qqnn3zB3iHEZ/tblK9Tm6I4hBKfNyS/recLf3elI5sjuE8tQ
recLlrDk6jvNqUAF9,982a56f9-0a7e-4607-8a54-276be19e8b46,description,1654NS,4599759,Hertel,https://airtable.com/app95Qqnn3zB3iHEZ/tblK9Tm6I4hBKfNyS/recLlrDk6jvNqUAF9
recM5AuJAFsJl54AS,16532cd4-c004-4535-89f1-69a0a16e5a86,description,1647NS,300-3189,OSG,https://airtable.com/app95Qqnn3zB3iHEZ/tblK9Tm6I4hBKfNyS/recM5AuJAFsJl54AS
recM7YWd1dsSqUQCh,7b952c46-7ccd-4bff-8ba9-f14430d5cb67,description,1583NS,,YG1,https://airtable.com/app95Qqnn3zB3iHEZ/tblK9Tm6I4hBKfNyS/recM7YWd1dsSqUQCh
recMOB1qBIo03kjpk,ef79008e-0198-45b5-a156-45fb15d20f45,description,0348NS,97072268,Accupro,https://airtable.com/app95Qqnn3zB3iHEZ/tblK9Tm6I4hBKfNyS/recMOB1qBIo03kjpk
recMPXZVMV0GgZ1UZ,3327249b-a521-441f-bca1-d5812efa83b7,numeric-base,1588NS,8597665,OSG,https://airtable.com/app95Qqnn3zB3iHEZ/tblK9Tm6I4hBKfNyS/recMPXZVMV0GgZ1UZ
recMRIxYi6qhxIuBh,a9ba0981-8b76-450a-967a-a92e3f596a77,description,0266NS,MT0312D0710ISO MT7,Carmex,https://airtable.com/app95Qqnn3zB3iHEZ/tblK9Tm6I4hBKfNyS/recMRIxYi6qhxIuBh
recMX68jUIxYxWcPm,bc824106-9ba0-45b6-b95f-681977b8509e,description,1913NS,10900800,OSG,https://airtable.com/app95Qqnn3zB3iHEZ/tblK9Tm6I4hBKfNyS/recMX68jUIxYxWcPm
recMlRYFRl8dJzuUc,3df5b45f-4271-4a11-b36c-559b28e0100f,description,0212S,E5G95901,YG1,https://airtable.com/app95Qqnn3zB3iHEZ/tblK9Tm6I4hBKfNyS/recMlRYFRl8dJzuUc
recMsjFqmtLXGpzaC,4bc29e9f-ee35-4a48-8cd7-c73b1e7359b5,description,1579NS,78561925,MSC,https://airtable.com/app95Qqnn3zB3iHEZ/tblK9Tm6I4hBKfNyS/recMsjFqmtLXGpzaC
recMtYYccHckfoi4h,3dd3cd46-a992-4318-af1a-30e136994ebd,description,1556NS,9055200073000,Guhring,https://airtable.com/app95Qqnn3zB3iHEZ/tblK9Tm6I4hBKfNyS/recMtYYccHckfoi4h
recMtnWcZUNjJMR8A,7eb60815-5d57-4fbe-a14c-272c8fd321be,description,1628NS,YGDH408006L,YG1,https://airtable.com/app95Qqnn3zB3iHEZ/tblK9Tm6I4hBKfNyS/recMtnWcZUNjJMR8A
recMvYzKH0Lo64cQu,6bb0a743-f5e2-412d-822e-802db3a25525,description,1636NS,41582099,Accupro,https://airtable.com/app95Qqnn3zB3iHEZ/tblK9Tm6I4hBKfNyS/recMvYzKH0Lo64cQu
recNE1WQ3DfRa6xaY,638e1072-abc3-4edc-9af7-07ba812c830f,description,1634NS,9055200060000,Guhring,https://airtable.com/app95Qqnn3zB3iHEZ/tblK9Tm6I4hBKfNyS/recNE1WQ3DfRa6xaY
recNhMekDVPUDH8Vq,3c4be116-9f59-40a7-ab4c-a27219506f13,description,0252NS,UGMF70916,YG1,https://airtable.com/app95Qqnn3zB3iHEZ/tblK9Tm6I4hBKfNyS/recNhMekDVPUDH8Vq
recNkX5DkMV8cyAFz,2e44128a-9c07-44ac-b6a6-e8bbc52a529c,numeric-base,0238NS,YGGMF24917,YG1,https://airtable.com/app95Qqnn3zB3iHEZ/tblK9Tm6I4hBKfNyS/recNkX5DkMV8cyAFz
recNsxDPCA1a0YmYI,d472deb8-ea50-45a1-b91c-f023909c8e51,description,1627NS,D4107150,YG1,https://airtable.com/app95Qqnn3zB3iHEZ/tblK9Tm6I4hBKfNyS/recNsxDPCA1a0YmYI
recNttDcyPeYuJOjt,c6d64c81-12b1-4bf5-92d6-66c72e31a60b,description,1650NS,27212800T,MA Ford,https://airtable.com/app95Qqnn3zB3iHEZ/tblK9Tm6I4hBKfNyS/recNttDcyPeYuJOjt
recOBZVOt8lcTmhfn,8e4eaa7e-16f2-463b-b5e6-221f4a167130,description,3003NS,30152011,Hertel,https://airtable.com/app95Qqnn3zB3iHEZ/tblK9Tm6I4hBKfNyS/recOBZVOt8lcTmhfn
recODa26eDrABDJS4,558ea823-095f-475e-a2eb-d33ebeb3b6a7,description,1954NS,1730108,OSG,https://airtable.com/app95Qqnn3zB3iHEZ/tblK9Tm6I4hBKfNyS/recODa26eDrABDJS4
recOSPBrDMpE98oTG,b61b2b1a-04af-435c-8ca5-128061761d8e,description,0342NS,CF2-6504,Conical,https://airtable.com/app95Qqnn3zB3iHEZ/tblK9Tm6I4hBKfNyS/recOSPBrDMpE98oTG
recOSQ7OMohYfJpvP,8adcb828-f41d-4d3e-a83f-1eb745db482d,description,1686NS,49209752,MSC,https://airtable.com/app95Qqnn3zB3iHEZ/tblK9Tm6I4hBKfNyS/recOSQ7OMohYfJpvP
recOVkZnnXD2VukU2,4884f40c-8923-46e5-8ca8-83c5c9a8429b,description,0242NS,E5I39905,YG1,https://airtable.com/app95Qqnn3zB3iHEZ/tblK9Tm6I4hBKfNyS/recOVkZnnXD2VukU2
recOW2SRIvK55SMpA,4b2b5736-7344-405f-8d6e-da8bee826f7b,numeric-base,1620NS,DPP447085,YG1,https://airtable.com/app95Qqnn3zB3iHEZ/tblK9Tm6I4hBKfNyS/recOW2SRIvK55SMpA
recOWfHPLM8UL0s2O,a0f2753e-9cff-486f-902e-5b7b38d1e542,numeric-base,1622NS,DH451039,YG1,https://airtable.com/app95Qqnn3zB3iHEZ/tblK9Tm6I4hBKfNyS/recOWfHPLM8UL0s2O
recOchBbal20DY3nT,dde8fb27-a627-477d-be3f-59562ae052f6,description,1670NS,07042724,MSC,https://airtable.com/app95Qqnn3zB3iHEZ/tblK9Tm6I4hBKfNyS/recOchBbal20DY3nT
recOeBtS3RtCEZa8H,36d9a964-e50a-4fc8-8d50-19b9d204b7b2,description,0367NS,95500530,Fraisa,https://airtable.com/app95Qqnn3zB3iHEZ/tblK9Tm6I4hBKfNyS/recOeBtS3RtCEZa8H
recOiB2z6uewld1Al,59df69ea-7185-44e3-be58-18adb59e2c9d,numeric-base,0230C,UGMF68901,YG1,https://airtable.com/app95Qqnn3zB3iHEZ/tblK9Tm6I4hBKfNyS/recOiB2z6uewld1Al
recOkJ6KNoNwL7ji2,73d1b1af-4d80-40f2-a080-765a9b0cc3f0,description,1567NS,2296606,Hertel,https://airtable.com/app95Qqnn3zB3iHEZ/tblK9Tm6I4hBKfNyS/recOkJ6KNoNwL7ji2
recOks10fwJCMBi3k,1381e02a-8bde-4b60-86ef-8241f1cee89c,description,1907NS,1757901,OSG,https://airtable.com/app95Qqnn3zB3iHEZ/tblK9Tm6I4hBKfNyS/recOks10fwJCMBi3k
recOr9Bi78NNH53sw,595f5ebc-712e-4ccc-8b26-572c183255ff,description,1665NS,DGE433018F,CTC,https://airtable.com/app95Qqnn3zB3iHEZ/tblK9Tm6I4hBKfNyS/recOr9Bi78NNH53sw
recOtP35upfEQuRi4,8c72361d-903e-43d7-ab57-1a7ccf0edc24,description,1990NS,58206541,MSC,https://airtable.com/app95Qqnn3zB3iHEZ/tblK9Tm6I4hBKfNyS/recOtP35upfEQuRi4
recP9TL5yNRxHZNiK,4e4ada89-90d2-4cdd-8493-06fca49e1522,description,1535NS,9055200062500,Guhring,https://airtable.com/app95Qqnn3zB3iHEZ/tblK9Tm6I4hBKfNyS/recP9TL5yNRxHZNiK
recPLML6Okr0FdoAo,75cc2cf3-52f7-4f9f-893b-5fffda16055c,numeric-base,0290NS,E5I59024,YG1,https://airtable.com/app95Qqnn3zB3iHEZ/tblK9Tm6I4hBKfNyS/recPLML6Okr0FdoAo
recPUcIhi8T8DQh3o,92c2e25d-f190-47eb-89b5-12529e105ea3,description,1625NS,D4107145,YG1,https://airtable.com/app95Qqnn3zB3iHEZ/tblK9Tm6I4hBKfNyS/recPUcIhi8T8DQh3o
recPY6qRpF1VNkXy4,fa552477-395a-4693-80d0-55e5e1135cb4,description,1944NS,BB345,YG1,https://airtable.com/app95Qqnn3zB3iHEZ/tblK9Tm6I4hBKfNyS/recPY6qRpF1VNkXy4
recQ1drkgg6LoDTT4,3bb688cf-c123-4e99-a753-ab3d5cb5de03,numeric-base,1988NS,1635060148,OSG,https://airtable.com/app95Qqnn3zB3iHEZ/tblK9Tm6I4hBKfNyS/recQ1drkgg6LoDTT4
recQ3n2kidb8CRBaB,488d2766-8696-490b-9636-4efc81b49d7d,description,1613NS,D4107030,YG1,https://airtable.com/app95Qqnn3zB3iHEZ/tblK9Tm6I4hBKfNyS/recQ3n2kidb8CRBaB
recQ5IW7aOFTij0LB,a04188fb-1654-45ad-b740-312cd1115efd,description,0241NS,030ENG14-30DG-DE-N3,Lakeshore Carbide,https://airtable.com/app95Qqnn3zB3iHEZ/tblK9Tm6I4hBKfNyS/recQ5IW7aOFTij0LB
recQ60YiCv9mF4isQ,2447258d-624c-4775-bdbe-0df9db9e7eec,description,0328NS,82025834,Harvey Tool,https://airtable.com/app95Qqnn3zB3iHEZ/tblK9Tm6I4hBKfNyS/recQ60YiCv9mF4isQ
recQBP1UIgo2QIG2P,4f7269d7-d4c3-42bb-a703-6995119e7a71,numeric-base,0294NS,P98404530,Fraisa,https://airtable.com/app95Qqnn3zB3iHEZ/tblK9Tm6I4hBKfNyS/recQBP1UIgo2QIG2P
recQFO1BSmiJLSl0h,270db195-8c44-4b55-a61d-989ace16cfac,numeric-base,1539NS,49712474,Balax,https://airtable.com/app95Qqnn3zB3iHEZ/tblK9Tm6I4hBKfNyS/recQFO1BSmiJLSl0h
recQHW69EV1Q0y76P,45740ce0-7f20-4753-84b6-05a966f62bd6,description,0354,YG1 59020,CTC,https://airtable.com/app95Qqnn3zB3iHEZ/tblK9Tm6I4hBKfNyS/recQHW69EV1Q0y76P
recQKZ8TwzHR5xDrG,2a61b181-301c-4960-afe8-969b367cf133,description,0333NS,SPTM290L,SCT,https://airtable.com/app95Qqnn3zB3iHEZ/tblK9Tm6I4hBKfNyS/recQKZ8TwzHR5xDrG
recQNkpxsdZbulwiN,eac516c1-71bc-4c7d-91e1-6f55aebdcc0d,description,"03 MRTL Side Lock, .75"" Dia",,,https://airtable.com/app95Qqnn3zB3iHEZ/tblK9Tm6I4hBKfNyS/recQNkpxsdZbulwiN
recQW5fqXEL2UllVx,c01038dc-4922-4c8f-a358-e930bb73f706,description,"11 MRTL Shrink, .375 3"" GAGE",,,https://airtable.com/app95Qqnn3zB3iHEZ/tblK9Tm6I4hBKfNyS/recQW5fqXEL2UllVx
recQYoJkT53cFVPaX,741636b4-184d-4725-a1fa-38b5c1e6e1b5,description,0299NS,89901,YG1,https://airtable.com/app95Qqnn3zB3iHEZ/tblK9Tm6I4hBKfNyS/recQYoJkT53cFVPaX
recQo2kxJdwtUoZDx,cc19e9d6-6dfe-4bd5-bb49-8eeb830a6ec7,description,1550NS,49713787,MSC,https://airtable.com/app95Qqnn3zB3iHEZ/tblK9Tm6I4hBKfNyS/recQo2kxJdwtUoZDx
recR8CDzfiPLitrTR,b0f4c748-976b-40f6-9349-84f87aaf6995,description,0206S,E5G95907,YG1,https://airtable.com/app95Qqnn3zB3iHEZ/tblK9Tm6I4hBKfNyS/recR8CDzfiPLitrTR
recRH9mzSnxTWmrQs,7e1a0e87-a357-4108-9a77-afe1aba3d2de,description,0236NS,UGMG53S906,YG1,https://airtable.com/app95Qqnn3zB3iHEZ/tblK9Tm6I4hBKfNyS/recRH9mzSnxTWmrQs
recRJkj6nG0tNu79Z,fad60198-22b6-4956-bcd9-8374cc615d08,description,1910S,17987-81U,Balax,https://airtable.com/app95Qqnn3zB3iHEZ/tblK9Tm6I4hBKfNyS/recRJkj6nG0tNu79Z
recRURqwE2kCovT8u,fa705c9d-533c-402e-8c75-7fe088e99ad2,description,0227S,UGMF70S962,YG1,https://airtable.com/app95Qqnn3zB3iHEZ/tblK9Tm6I4hBKfNyS/recRURqwE2kCovT8u
recRqZf4JkhYr8Ben,b7690587-b216-44be-b679-8ca5e4e50193,description,0204NS,1023.375,Maritool,https://airtable.com/app95Qqnn3zB3iHEZ/tblK9Tm6I4hBKfNyS/recRqZf4JkhYr8Ben
recS7USnN21lhhHZn,05a83457-f1a8-4c15-a021-701d31dba2fb,numeric-base,1961NS,1206400,OSG,https://airtable.com/app95Qqnn3zB3iHEZ/tblK9Tm6I4hBKfNyS/recS7USnN21lhhHZn
recS8mMS0LP7B0crh,9217dd42-55ba-46e0-92e9-ffdfec666f0f,description,1648NS,27218700,MA Ford,https://airtable.com/app95Qqnn3zB3iHEZ/tblK9Tm6I4hBKfNyS/recS8mMS0LP7B0crh
recSAnTD2QFYI2RFS,7b6f2cfa-029f-40c1-9e91-f2c5b9d264c2,description,1590NS,62993829,MSC,https://airtable.com/app95Qqnn3zB3iHEZ/tblK9Tm6I4hBKfNyS/recSAnTD2QFYI2RFS
recSE5YZFsk9RsG8M,e83a453e-cfe6-4717-a5b9-8e1cbf3f2002,description,1568NS,9024630036000,Guhring,https://airtable.com/app95Qqnn3zB3iHEZ/tblK9Tm6I4hBKfNyS/recSE5YZFsk9RsG8M
recSMTULCkqIawOvL,b1bb4f83-60e0-4eda-a79a-0e115a277245,description,0249NS,UGMH09024,YG1,https://airtable.com/app95Qqnn3zB3iHEZ/tblK9Tm6I4hBKfNyS/recSMTULCkqIawOvL
recSV7qxq4HWnfOYA,ccb062ef-bb67-4423-a20f-faad706a3e96,numeric-base,0326NS,86-6040-C,Internal Tool,https://airtable.com/app95Qqnn3zB3iHEZ/tblK9Tm6I4hBKfNyS/recSV7qxq4HWnfOYA
recSaZxMl8lLg2BuZ,3d6828a9-7fb7-4d8d-a384-958378bd0c7e,description,1521NS,YGD4146030,YG1,https://airtable.com/app95Qqnn3zB3iHEZ/tblK9Tm6I4hBKfNyS/recSaZxMl8lLg2BuZ
recSbVkqAa7VoU2nO,68155b72-19a2-4d82-909f-c84161fd6968,numeric-base,1932NS,1635008255,OSG,https://airtable.com/app95Qqnn3zB3iHEZ/tblK9Tm6I4hBKfNyS/recSbVkqAa7VoU2nO
recSk7h0iVeHB46Eq,4904933c-c9d1-450c-964c-b3eef35566c2,description,0334NS,SPTM290XL,SCT,https://airtable.com/app95Qqnn3zB3iHEZ/tblK9Tm6I4hBKfNyS/recSk7h0iVeHB46Eq
recSpNSZkMxFRxXwF,7391accb-af6b-40ef-90c2-69dc19fcadfb,description,1526NS,01332816,Accupro,https://airtable.com/app95Qqnn3zB3iHEZ/tblK9Tm6I4hBKfNyS/recSpNSZkMxFRxXwF
recSphO29j3lJQXCI,894d81f3-2f5b-4884-87ac-2406d7eeb427,description,1669NS,,YG1,https://airtable.com/app95Qqnn3zB3iHEZ/tblK9Tm6I4hBKfNyS/recSphO29j3lJQXCI
recT6svBPoq2GYzwl,093717eb-774a-4a4a-9b48-e920ad9a655b,description,0210S,UGMG53909,YG1,https://airtable.com/app95Qqnn3zB3iHEZ/tblK9Tm6I4hBKfNyS/recT6svBPoq2GYzwl
recTAu6f9SFKzEzik,1d7f56c1-d27b-4e9b-8a28-f95ec9ce2da6,description,1513NS,9055190062500,Guhring,https://airtable.com/app95Qqnn3zB3iHEZ/tblK9Tm6I4hBKfNyS/recTAu6f9SFKzEzik
recTM8svpYvwAMKOS,c01038dc-4922-4c8f-a358-e930bb73f706,description,"11 MRTL Shrink, .375 3"" GAGE",,,https://airtable.com/app95Qqnn3zB3iHEZ/tblK9Tm6I4hBKfNyS/recTM8svpYvwAMKOS
recTQDq2UwsrkXMwh,8312638d-9542-47c7-be70-60fbf7509ba1,description,1992NS,98572035,MSC,https://airtable.com/app95Qqnn3zB3iHEZ/tblK9Tm6I4hBKfNyS/recTQDq2UwsrkXMwh
recTTweWSmIToErk7,e6725ab3-ce74-4353-9246-4d2837d4e59e,description,2000NS,79889457,MSC,https://airtable.com/app95Qqnn3zB3iHEZ/tblK9Tm6I4hBKfNyS/recTTweWSmIToErk7
recTWoGAwGGm6Wypa,f10ead73-f586-40f5-8b4f-7da31d3fb8dd,description,0338NS,,AB Tools,https://airtable.com/app95Qqnn3zB3iHEZ/tblK9Tm6I4hBKfNyS/recTWoGAwGGm6Wypa
recTaZvKOPb5yb4Rn,550ae9c6-9c76-4c45-90f7-a7f57ae9c2c4,description,0339NS,07764814,Accupro,https://airtable.com/app95Qqnn3zB3iHEZ/tblK9Tm6I4hBKfNyS/recTaZvKOPb5yb4Rn
recTkp3SxLOcdySNn,4dde8135-a550-46db-99f3-245d8d5ec5cd,numeric-base,0271C,EDP36626,UltraTool,https://airtable.com/app95Qqnn3zB3iHEZ/tblK9Tm6I4hBKfNyS/recTkp3SxLOcdySNn
recTlq7RVuA5oYpfF,5118fdb7-3359-4e58-bc95-289bd3e7857d,description,1523NS,DPP447016F,YG1,https://airtable.com/app95Qqnn3zB3iHEZ/tblK9Tm6I4hBKfNyS/recTlq7RVuA5oYpfF
recTyEH61pvm1X8ay,52b2bd77-84df-4bae-b616-e7bf241ef094,description,0315NS,MFPB50001AX,MA Ford,https://airtable.com/app95Qqnn3zB3iHEZ/tblK9Tm6I4hBKfNyS/recTyEH61pvm1X8ay
recU3rCLlYxq1ZWAC,7a53056a-6c00-40c9-82b8-b2784f4578df,description,0220S,65135,IMCO,https://airtable.com/app95Qqnn3zB3iHEZ/tblK9Tm6I4hBKfNyS/recU3rCLlYxq1ZWAC
recUEJynRkXUnwX8U,c08ece1b-2d35-4517-9913-e4e9af83b9d4,description,1635NS,9007300049800,Guhring,https://airtable.com/app95Qqnn3zB3iHEZ/tblK9Tm6I4hBKfNyS/recUEJynRkXUnwX8U
recUIRx6KGhAQRyPg,213fd0a9-d7c6-41b9-8c9f-f53096e6002c,description,1537NS,5986639,Dormer,https://airtable.com/app95Qqnn3zB3iHEZ/tblK9Tm6I4hBKfNyS/recUIRx6KGhAQRyPg
recUM729z9RdYwDvO,8c45e4b5-47e5-4ece-b670-79bdad1053c7,description,0262NS,SPTM595L,Rovi,https://airtable.com/app95Qqnn3zB3iHEZ/tblK9Tm6I4hBKfNyS/recUM729z9RdYwDvO
recUcKGxCLxfBJpuo,db630090-f1b5-45b8-afd8-49bc7816ec6f,description,1671NS,62991229,MSC,https://airtable.com/app95Qqnn3zB3iHEZ/tblK9Tm6I4hBKfNyS/recUcKGxCLxfBJpuo
recUnNPiwIfD5Iofg,6cd80388-cfb0-4892-b78e-28773adc6360,description,1511NS,DH424041,YG1,https://airtable.com/app95Qqnn3zB3iHEZ/tblK9Tm6I4hBKfNyS/recUnNPiwIfD5Iofg
recUoXljTMvb1eS6j,c3a4568e-bdec-4698-a569-eb5730c7953b,description,1678NS,13418009,MSC,https://airtable.com/app95Qqnn3zB3iHEZ/tblK9Tm6I4hBKfNyS/recUoXljTMvb1eS6j
recUsQYm9nAXZaPN2,2a0138bd-1151-42bc-a410-cf01a903322b,description,0216S,UGMG53008,YG1,https://airtable.com/app95Qqnn3zB3iHEZ/tblK9Tm6I4hBKfNyS/recUsQYm9nAXZaPN2
recVNSmpzqat4XKe7,c62e9e9e-7777-47fe-8fcc-1fc6475c2a4a,numeric-base,1933NS,1212800,OSG,https://airtable.com/app95Qqnn3zB3iHEZ/tblK9Tm6I4hBKfNyS/recVNSmpzqat4XKe7
recVR2L7AZWeyop9L,d210a5fd-9900-47b4-8e0d-38e63aa41459,description,1604S,DH424038K,YG1,https://airtable.com/app95Qqnn3zB3iHEZ/tblK9Tm6I4hBKfNyS/recVR2L7AZWeyop9L
recVUE3O7CRtuA304,b0a633de-9aab-43a0-a786-a9987edf575f,description,0292S,118084,GWS,https://airtable.com/app95Qqnn3zB3iHEZ/tblK9Tm6I4hBKfNyS/recVUE3O7CRtuA304
recVf8LuGwFTDOpJS,adfe4e55-1f8e-4e86-a6a9-76fa668af4eb,description,0337NS,8331001,OSG,https://airtable.com/app95Qqnn3zB3iHEZ/tblK9Tm6I4hBKfNyS/recVf8LuGwFTDOpJS
recVupDQgUe16J2M6,9b7a7f75-9191-4e33-875f-95d425e71ce9,numeric-base,1546,79892758,MSC,https://airtable.com/app95Qqnn3zB3iHEZ/tblK9Tm6I4hBKfNyS/recVupDQgUe16J2M6
recVztWi9MzEgqWrE,c01038dc-4922-4c8f-a358-e930bb73f706,description,"11 MRTL Shrink, .375 3"" GAGE",,,https://airtable.com/app95Qqnn3zB3iHEZ/tblK9Tm6I4hBKfNyS/recVztWi9MzEgqWrE
recW5Uj01eya80Kbm,e92e9936-2de8-446e-986c-4a9741e48ac1,description,0343NS,CF2-3504,Conical,https://airtable.com/app95Qqnn3zB3iHEZ/tblK9Tm6I4hBKfNyS/recW5Uj01eya80Kbm
recW92nLIs0D8oFiJ,5a1d1720-bf02-4cee-89ff-4d27a48bb9e1,description,1525NS,D4146032,YG1,https://airtable.com/app95Qqnn3zB3iHEZ/tblK9Tm6I4hBKfNyS/recW92nLIs0D8oFiJ
recWCvQVsKjVjX2Z9,d65ee2a0-06b3-4d93-9a08-0e638f957bdf,description,0207S,E5G95903,YG1,https://airtable.com/app95Qqnn3zB3iHEZ/tblK9Tm6I4hBKfNyS/recWCvQVsKjVjX2Z9
recWHj5BfOMgELysJ,26d58b2a-2b42-48b3-a72d-ec724e2d34db,description,1653NS,2291474,Hertel,https://airtable.com/app95Qqnn3zB3iHEZ/tblK9Tm6I4hBKfNyS/recWHj5BfOMgELysJ
recWNlmjH9G000ukr,b58cb66a-da20-4cf4-9902-7f34c42136f5,numeric-base,1595NS,58205014,M.A. Ford,https://airtable.com/app95Qqnn3zB3iHEZ/tblK9Tm6I4hBKfNyS/recWNlmjH9G000ukr
recWNogjL29JZ6rwZ,9196ea94-b67e-4b5b-ae4d-9d75fffef1b2,description,1937NS,1650502408,OSG,https://airtable.com/app95Qqnn3zB3iHEZ/tblK9Tm6I4hBKfNyS/recWNogjL29JZ6rwZ
recWPGF2laM9MyRTE,500016c3-af79-4185-a095-e1035740f0ac,description,0277NS,82824012,Harvey Tool,https://airtable.com/app95Qqnn3zB3iHEZ/tblK9Tm6I4hBKfNyS/recWPGF2laM9MyRTE
recWTDypA0edu9rXv,1205ebbc-a8e5-4cb4-9f39-fc5fa9bdf55a,description,0267NS,315377,GWS,https://airtable.com/app95Qqnn3zB3iHEZ/tblK9Tm6I4hBKfNyS/recWTDypA0edu9rXv
recWTKqU83MegD1Mx,34c1356c-8b35-4bbb-8763-fc5b04c26b18,description,1985NS,2842201,OSG,https://airtable.com/app95Qqnn3zB3iHEZ/tblK9Tm6I4hBKfNyS/recWTKqU83MegD1Mx
recWTqGVbJm4pzYLO,bb66fb27-5d47-4d67-8119-be0fb1707658,description,1520NS,11526962,YG1,https://airtable.com/app95Qqnn3zB3iHEZ/tblK9Tm6I4hBKfNyS/recWTqGVbJm4pzYLO
recWdAXUZeZ15pfKF,cc64616c-8430-4797-932e-b87a475763e4,description,1612S,DH408056K,YG1,https://airtable.com/app95Qqnn3zB3iHEZ/tblK9Tm6I4hBKfNyS/recWdAXUZeZ15pfKF
recWhCqjDkVcAXI0v,412a2e70-4a0b-4398-bbda-e27cad046d10,description,0202S,36593TC,YG1,https://airtable.com/app95Qqnn3zB3iHEZ/tblK9Tm6I4hBKfNyS/recWhCqjDkVcAXI0v
recWiytcT8KBbfjjY,9716ca3e-8da5-4a86-9669-629f69812b61,numeric-base,0311C,UGMF70902,YG1,https://airtable.com/app95Qqnn3zB3iHEZ/tblK9Tm6I4hBKfNyS/recWiytcT8KBbfjjY
recWnpwKIvuzwfnRa,235f7984-051a-4f5e-bea5-0ad0e0eb3e45,description,0351NS,57569212,Scientific Cutting Tools,https://airtable.com/app95Qqnn3zB3iHEZ/tblK9Tm6I4hBKfNyS/recWnpwKIvuzwfnRa
recWunAqFPch0265A,bf374519-256a-4290-ae2c-7fbd965131f6,description,0259NS,5937100,OSG,https://airtable.com/app95Qqnn3zB3iHEZ/tblK9Tm6I4hBKfNyS/recWunAqFPch0265A
recWvp4cC8l5qB9W5,c3779d0e-d3ad-4638-8c17-fcbbd2e5f188,description,0109,16390304,CTC,https://airtable.com/app95Qqnn3zB3iHEZ/tblK9Tm6I4hBKfNyS/recWvp4cC8l5qB9W5
recXAIDOfJ6mWJAg7,c01038dc-4922-4c8f-a358-e930bb73f706,description,"11 MRTL Shrink, .375 3"" GAGE",,,https://airtable.com/app95Qqnn3zB3iHEZ/tblK9Tm6I4hBKfNyS/recXAIDOfJ6mWJAg7
recXQD0OXGpYr70OD,9d9a6ab3-c4ae-4570-b73f-2ae5bc38d641,numeric-base,0304NS,01216381,Accupro,https://airtable.com/app95Qqnn3zB3iHEZ/tblK9Tm6I4hBKfNyS/recXQD0OXGpYr70OD
recXat0fdzstBb7Jc,5ee4afa8-4dd1-4a77-86d1-e94c1defec6e,description,377NS,1023-.500,Maritool,https://airtable.com/app95Qqnn3zB3iHEZ/tblK9Tm6I4hBKfNyS/recXat0fdzstBb7Jc
recXcDB8qZCHx0MAv,c01038dc-4922-4c8f-a358-e930bb73f706,description,"11 MRTL Shrink, .375 3"" GAGE",,,https://airtable.com/app95Qqnn3zB3iHEZ/tblK9Tm6I4hBKfNyS/recXcDB8qZCHx0MAv
recXcLOnNjXBpPZBM,522a7880-70e6-4d13-9df1-aee88e61db32,description,0203S,E5I38913,YG1,https://airtable.com/app95Qqnn3zB3iHEZ/tblK9Tm6I4hBKfNyS/recXcLOnNjXBpPZBM
recXeDFUxNW1fc8nk,c01038dc-4922-4c8f-a358-e930bb73f706,description,"11 MRTL Shrink, .375 3"" GAGE",,,https://airtable.com/app95Qqnn3zB3iHEZ/tblK9Tm6I4hBKfNyS/recXeDFUxNW1fc8nk
recXuOgD8FudCbX4M,bd22c28c-a8a0-4277-b930-c1595fdfa0bd,description,1935S,1410104000,OSG,https://airtable.com/app95Qqnn3zB3iHEZ/tblK9Tm6I4hBKfNyS/recXuOgD8FudCbX4M
recXuiGORuQ9jeVbR,9e65e777-d3ec-410e-a917-c76cb48490de,description,0103NS,,YG1,https://airtable.com/app95Qqnn3zB3iHEZ/tblK9Tm6I4hBKfNyS/recXuiGORuQ9jeVbR
recXxpKpPfKucgFnh,e357fadb-f42c-4c66-bdb6-d4f6a48f8b59,description,0254NS,EA50321,YG1,https://airtable.com/app95Qqnn3zB3iHEZ/tblK9Tm6I4hBKfNyS/recXxpKpPfKucgFnh
recY0W527lrS1XCNT,4ea398f5-312f-42eb-8d14-128096a6ef3f,description,1530NS,D4107160,YG1,https://airtable.com/app95Qqnn3zB3iHEZ/tblK9Tm6I4hBKfNyS/recY0W527lrS1XCNT
recYBdRJlB1qyec74,ad4e1f7d-9d7b-4905-b1a9-3e3e36e12918,description,1541NS,16500456,YG1,https://airtable.com/app95Qqnn3zB3iHEZ/tblK9Tm6I4hBKfNyS/recYBdRJlB1qyec74
recYC3dA0ck1HQYWJ,50a0bf4a-b167-4897-bcce-50292a71b679,description,0282NS,KT125-400FR,AB TOOLS,https://airtable.com/app95Qqnn3zB3iHEZ/tblK9Tm6I4hBKfNyS/recYC3dA0ck1HQYWJ
recYNtWNbPbkSREr1,21f517d0-9f66-44e7-9c41-e471b9b37904,description,0232NS,UGMG34S990,TitaNox,https://airtable.com/app95Qqnn3zB3iHEZ/tblK9Tm6I4hBKfNyS/recYNtWNbPbkSREr1
recYQ0jMdlbfLjbQE,94292a9b-7da8-4f49-86ae-d5314fa6e5ce,description,1585NS,G0037165.5765,Emuge,https://airtable.com/app95Qqnn3zB3iHEZ/tblK9Tm6I4hBKfNyS/recYQ0jMdlbfLjbQE
recYTKASGn050iya2,acf7d4f3-1d06-4e26-b849-0246910dd069,description,0364NS,98578530,Fraisa,https://airtable.com/app95Qqnn3zB3iHEZ/tblK9Tm6I4hBKfNyS/recYTKASGn050iya2
recYdOpokjOMGHo5d,3473b070-5d2e-4ba1-9799-2e3450634d90,numeric-base,0226C,65050,IMCO,https://airtable.com/app95Qqnn3zB3iHEZ/tblK9Tm6I4hBKfNyS/recYdOpokjOMGHo5d
recYekIMU8T08wbMp,e04e6b75-d495-453d-8815-3cca5bfb1b9a,description,0355NS,27116at,UltraTool,https://airtable.com/app95Qqnn3zB3iHEZ/tblK9Tm6I4hBKfNyS/recYekIMU8T08wbMp
recYlVULgCCNH7POz,bbc0175c-b179-4830-94c8-9bf6d48ba1e5,description,378NS,69263010,MSC,https://airtable.com/app95Qqnn3zB3iHEZ/tblK9Tm6I4hBKfNyS/recYlVULgCCNH7POz
recYpk1oy46PV9gEG,3b9fb56c-cce3-4109-ae6a-af4eb73654f7,description,1562NS,88860002990,Magafor,https://airtable.com/app95Qqnn3zB3iHEZ/tblK9Tm6I4hBKfNyS/recYpk1oy46PV9gEG
recYqg0NX9YOWHYCK,c2d37f38-3201-4122-b42c-ae7f8db274ed,description,0370NS,38019725,MSC,https://airtable.com/app95Qqnn3zB3iHEZ/tblK9Tm6I4hBKfNyS/recYqg0NX9YOWHYCK
recYucWSWAlUhcczD,fc2dd68c-4371-437c-b8d7-25a7a98d31f9,description,0358NS,Helical H45AL-C-RN-M-30500-R.030,PTS,https://airtable.com/app95Qqnn3zB3iHEZ/tblK9Tm6I4hBKfNyS/recYucWSWAlUhcczD
recZJnhACEa1sXCFG,b6af3556-9761-47ec-8f1a-2c5ca1bb0a3b,description,1943NS,41113234,Hertel,https://airtable.com/app95Qqnn3zB3iHEZ/tblK9Tm6I4hBKfNyS/recZJnhACEa1sXCFG
recZXVBNwiaZK18dC,bfc4d25a-3c46-456c-8fb0-0c9b5bdc0551,description,1580NS,79889879,Hertel,https://airtable.com/app95Qqnn3zB3iHEZ/tblK9Tm6I4hBKfNyS/recZXVBNwiaZK18dC
recZahqKRWUoPkpoR,767b6206-3011-4609-8cfa-73a80ce67bfd,numeric-base,1953NS,2917801,OSG,https://airtable.com/app95Qqnn3zB3iHEZ/tblK9Tm6I4hBKfNyS/recZahqKRWUoPkpoR
recZbjXaIoWwBQDsg,251d7533-3945-4918-84ac-771a2fd016d7,description,0213S,3500-.250-90 deg-H-U,Maritool,https://airtable.com/app95Qqnn3zB3iHEZ/tblK9Tm6I4hBKfNyS/recZbjXaIoWwBQDsg
recZfekOGn14UMR7Q,e44ffa23-d285-4446-b6a2-4e4838907936,numeric-base,0353NS,DPP447012F,YG1,https://airtable.com/app95Qqnn3zB3iHEZ/tblK9Tm6I4hBKfNyS/recZfekOGn14UMR7Q
recZnVDkSCtn3Ch90,b0d03a67-ab64-40b9-8822-3739a78ccba5,numeric-base,0275C,E5I38928,YG1,https://airtable.com/app95Qqnn3zB3iHEZ/tblK9Tm6I4hBKfNyS/recZnVDkSCtn3Ch90
recZzIs5kqyhYjHGI,1411dd22-5d95-4344-8e62-1904df72674d,description,1666NS,57690380,MSC,https://airtable.com/app95Qqnn3zB3iHEZ/tblK9Tm6I4hBKfNyS/recZzIs5kqyhYjHGI
recaKi7dqKwmRq2VY,4c8d0dff-acc5-4d9c-b263-d4ae010c8649,description,1641NS,79890307,Hertel,https://airtable.com/app95Qqnn3zB3iHEZ/tblK9Tm6I4hBKfNyS/recaKi7dqKwmRq2VY
recaOYnZhXsrID0sn,89028af1-dfb7-49d2-b5c6-aa4297b1b295,numeric-base,0107C,VP15TF,Mitsubishi,https://airtable.com/app95Qqnn3zB3iHEZ/tblK9Tm6I4hBKfNyS/recaOYnZhXsrID0sn
recaV6jU51WGnm8fP,e6e2ccd1-645f-4d06-a16e-5fec8a9a3be2,description,1673NS,79889002,MSC,https://airtable.com/app95Qqnn3zB3iHEZ/tblK9Tm6I4hBKfNyS/recaV6jU51WGnm8fP
recae9maKx1m7U1Ax,102b2415-0b13-488e-862e-7b9e5aa233ea,description,1519NS,300-3976,OSG,https://airtable.com/app95Qqnn3zB3iHEZ/tblK9Tm6I4hBKfNyS/recae9maKx1m7U1Ax
recauzjy7IoxLDJL3,d3f399cc-6bd6-4232-bbb0-caae89e2b762,description,1551NS,YGD4107135,YG1,https://airtable.com/app95Qqnn3zB3iHEZ/tblK9Tm6I4hBKfNyS/recauzjy7IoxLDJL3
recaxlnHkTs0kAPtu,43fdc2a0-85dd-4571-ac9c-4ab59245d553,description,0219NS,68-1530,Internal Tool,https://airtable.com/app95Qqnn3zB3iHEZ/tblK9Tm6I4hBKfNyS/recaxlnHkTs0kAPtu
recazele7xLFcQoK6,da1b1fcf-fa4f-4e5e-86dc-88e1c173aaf7,description,1939NS,1651501108,OSG,https://airtable.com/app95Qqnn3zB3iHEZ/tblK9Tm6I4hBKfNyS/recazele7xLFcQoK6
recbOOfpu2qdDaOJU,eec1a46f-0318-4d5f-9511-0a27bf6fd3d3,description,1531NS,07387,SGS,https://airtable.com/app95Qqnn3zB3iHEZ/tblK9Tm6I4hBKfNyS/recbOOfpu2qdDaOJU
recbVBAqWDv4Ej2N1,a2da461e-9642-49c0-a07d-7820d60f12c1,description,1510NS,D4148125,YG1,https://airtable.com/app95Qqnn3zB3iHEZ/tblK9Tm6I4hBKfNyS/recbVBAqWDv4Ej2N1
recbhC4QV4BOMlUsX,48e92066-12a7-468a-98c4-9780c1d0c367,description,3006NS,,,https://airtable.com/app95Qqnn3zB3iHEZ/tblK9Tm6I4hBKfNyS/recbhC4QV4BOMlUsX
recbhhe7mc6NbOkaz,7471aa82-2dc1-483b-980a-4114e5371114,description,1942NS,1651506208,OSG,https://airtable.com/app95Qqnn3zB3iHEZ/tblK9Tm6I4hBKfNyS/recbhhe7mc6NbOkaz
reccBU4p3iN5z82i7,62b03fd8-47ee-49f7-8368-d1b085b93c92,description,1914NS,1400142805,OSG,https://airtable.com/app95Qqnn3zB3iHEZ/tblK9Tm6I4hBKfNyS/reccBU4p3iN5z82i7
reccE8HJnyWuMfx0f,82d1148e-59bd-40e1-a870-0758e4fa42a5,description,381NS,86004645,MSC,https://airtable.com/app95Qqnn3zB3iHEZ/tblK9Tm6I4hBKfNyS/reccE8HJnyWuMfx0f
reccGiZSFR3YomceF,9385d328-f109-48a2-9d4d-37902ac53e33,description,1514NS,9007300068000,Guhring,https://airtable.com/app95Qqnn3zB3iHEZ/tblK9Tm6I4hBKfNyS/reccGiZSFR3YomceF
reccKOU4PluabiMBA,359e9e77-1380-4c4b-ada3-306f1e7ef784,numeric-base,1938NS,1736501,OSG,https://airtable.com/app95Qqnn3zB3iHEZ/tblK9Tm6I4hBKfNyS/reccKOU4PluabiMBA
reccONJLPAZ4y9GDN,9e993b7c-0006-4807-922f-1e74bb2a62ba,numeric-base,380NS,08421513,MSC,https://airtable.com/app95Qqnn3zB3iHEZ/tblK9Tm6I4hBKfNyS/reccONJLPAZ4y9GDN
reccUgbBTJGfMlnHs,6b5d4394-a071-46cc-9b73-e71e002e6137,description,1584NS,SM31P0008,Value Collection,https://airtable.com/app95Qqnn3zB3iHEZ/tblK9Tm6I4hBKfNyS/reccUgbBTJGfMlnHs
reccY0qoO5HejmDlA,45ad4270-00ee-4824-9da0-43fa086a03cb,description,1505NS,D4147213,YG1,https://airtable.com/app95Qqnn3zB3iHEZ/tblK9Tm6I4hBKfNyS/reccY0qoO5HejmDlA
reccYZc3nX5fsjRbE,57069517-2d33-44f4-b2a1-2b261911c048,description,1544NS,47332093,MSC,https://airtable.com/app95Qqnn3zB3iHEZ/tblK9Tm6I4hBKfNyS/reccYZc3nX5fsjRbE
reccgnjK8vcDqqhI3,ac6a8f25-6de3-481d-b516-0f3cb4c6ebeb,numeric-base,1962NS,1985500,OSG,https://airtable.com/app95Qqnn3zB3iHEZ/tblK9Tm6I4hBKfNyS/reccgnjK8vcDqqhI3
reccgzpUIn8M5nWse,302b1c96-c12c-423a-8704-cd11c1f0e1aa,description,1619NS,07054,SGS,https://airtable.com/app95Qqnn3zB3iHEZ/tblK9Tm6I4hBKfNyS/reccgzpUIn8M5nWse
recci8DmH0fsYCh83,2723e46d-a4fc-47d3-9441-51c08bb39e27,description,1618NS,07357,SGS,https://airtable.com/app95Qqnn3zB3iHEZ/tblK9Tm6I4hBKfNyS/recci8DmH0fsYCh83
reccpCFLWFTDTNaCp,7a296f41-85cf-4199-ab90-c602c2103a1c,numeric-base,0325NS,86-1115,Internal Tool,https://airtable.com/app95Qqnn3zB3iHEZ/tblK9Tm6I4hBKfNyS/reccpCFLWFTDTNaCp
reccvsjW8k1UxMNXa,23c40eeb-0a5d-4d71-bda2-51b8db83b151,description,1578NS,DH421080,YG1,https://airtable.com/app95Qqnn3zB3iHEZ/tblK9Tm6I4hBKfNyS/reccvsjW8k1UxMNXa
reccyDIUqoccIFNoX,9d7d6ee6-4612-4577-be24-ff3a8597aa0e,description,1991NS,61704946,MSC,https://airtable.com/app95Qqnn3zB3iHEZ/tblK9Tm6I4hBKfNyS/reccyDIUqoccIFNoX
recd050FImBzEjmeF,45c8094a-7658-4c73-a871-96f3365f893d,description,0231NS,YGUGMG34S984,YG1,https://airtable.com/app95Qqnn3zB3iHEZ/tblK9Tm6I4hBKfNyS/recd050FImBzEjmeF
recd1BbEtLpLQYF1D,340af5dc-9aa2-4c99-b266-4ec060d8c148,description,0244NS,01216340,SGS Kyocera,https://airtable.com/app95Qqnn3zB3iHEZ/tblK9Tm6I4hBKfNyS/recd1BbEtLpLQYF1D
recd8cLKm9cERI1YM,4ff9461f-52ec-4a57-86cd-b0aafe687efb,description,1570NS,07307,SGS,https://airtable.com/app95Qqnn3zB3iHEZ/tblK9Tm6I4hBKfNyS/recd8cLKm9cERI1YM
recdN5N8XPXNUJZXp,7d9340de-044c-41de-8c26-9c3443e277f4,numeric-base,0214C,82181,Helical,https://airtable.com/app95Qqnn3zB3iHEZ/tblK9Tm6I4hBKfNyS/recdN5N8XPXNUJZXp
recdgHWcOqwlkhwG9,05598d33-4e7f-48aa-bb9f-d25d83f68a1f,description,1606S,DH408047K,YG1,https://airtable.com/app95Qqnn3zB3iHEZ/tblK9Tm6I4hBKfNyS/recdgHWcOqwlkhwG9
recdrSHHjICGuofXW,1af340cc-49a7-4c85-a8b8-00b5bcb696c4,numeric-base,1928NS,31440608,OSG,https://airtable.com/app95Qqnn3zB3iHEZ/tblK9Tm6I4hBKfNyS/recdrSHHjICGuofXW
rece2OLvS4F05LrPY,61813bfd-8287-4bc4-a911-0f1a667b9dca,description,1642NS,5072881,Walter-Titex,https://airtable.com/app95Qqnn3zB3iHEZ/tblK9Tm6I4hBKfNyS/rece2OLvS4F05LrPY
rece8DWVtS3cM04TP,0c23332d-6843-49a3-a7cb-3a430b0e7419,description,0285NS,86800315,Accupro,https://airtable.com/app95Qqnn3zB3iHEZ/tblK9Tm6I4hBKfNyS/rece8DWVtS3cM04TP
receFgysfeHTbszvu,c01038dc-4922-4c8f-a358-e930bb73f706,description,"11 MRTL Shrink, .375 3"" GAGE",,,https://airtable.com/app95Qqnn3zB3iHEZ/tblK9Tm6I4hBKfNyS/receFgysfeHTbszvu
receLw4R5mNq89v5F,516c75c0-dd47-449e-bf8d-81f00073d955,description,0217NS,68-1605,Internal Tool,https://airtable.com/app95Qqnn3zB3iHEZ/tblK9Tm6I4hBKfNyS/receLw4R5mNq89v5F
receeUUiUtqfyZgz1,99c5c7be-2c16-43f8-b05f-8c61760c1045,description,1624NS,D4107125,YG1,https://airtable.com/app95Qqnn3zB3iHEZ/tblK9Tm6I4hBKfNyS/receeUUiUtqfyZgz1
recefsadvh8u2rbGa,869d1d40-6933-4465-8fe8-e9455a7d2a7b,description,0284NS,H8502180,Fraisa,https://airtable.com/app95Qqnn3zB3iHEZ/tblK9Tm6I4hBKfNyS/recefsadvh8u2rbGa
recemdKX5iilDsFsv,c01038dc-4922-4c8f-a358-e930bb73f706,description,"11 MRTL Shrink, .375 3"" GAGE",,,https://airtable.com/app95Qqnn3zB3iHEZ/tblK9Tm6I4hBKfNyS/recemdKX5iilDsFsv
recf720rp15dD1A6A,c1babc79-d530-458a-8f0a-2c4fcaec9787,description,1516NS,DH424050K,YG1,https://airtable.com/app95Qqnn3zB3iHEZ/tblK9Tm6I4hBKfNyS/recf720rp15dD1A6A
recf9sLIiAkGdLeFi,038e56bf-7fcd-443d-b519-1ab27ef5dda2,numeric-base,376NS,62780838,MSC,https://airtable.com/app95Qqnn3zB3iHEZ/tblK9Tm6I4hBKfNyS/recf9sLIiAkGdLeFi
recfCQib84EPZkSlX,831fb781-067a-44bf-987e-7652e7e750b3,description,1978NS,1735301,OSG,https://airtable.com/app95Qqnn3zB3iHEZ/tblK9Tm6I4hBKfNyS/recfCQib84EPZkSlX
recfK3DzOP9SWzZUp,61a2eb56-9f3f-4439-9498-66d6b8b59faf,description,0357NS,57569584,SCT,https://airtable.com/app95Qqnn3zB3iHEZ/tblK9Tm6I4hBKfNyS/recfK3DzOP9SWzZUp
recfM2MfBfW6tM7fY,61550535-2c41-4b10-95e9-b8c70aa07513,description,0209S,120673,GWS,https://airtable.com/app95Qqnn3zB3iHEZ/tblK9Tm6I4hBKfNyS/recfM2MfBfW6tM7fY
recfOsQ0YUef81nOt,fc58da8d-e64e-4926-b35f-c22655836bfc,description,1945NS,2985500,OSG,https://airtable.com/app95Qqnn3zB3iHEZ/tblK9Tm6I4hBKfNyS/recfOsQ0YUef81nOt
recfi1J5GoV0cILQX,c01038dc-4922-4c8f-a358-e930bb73f706,description,"11 MRTL Shrink, .375 3"" GAGE",,,https://airtable.com/app95Qqnn3zB3iHEZ/tblK9Tm6I4hBKfNyS/recfi1J5GoV0cILQX
recfwZEMASHmEx5Oy,dc69911c-35d3-4804-a9d4-451ad21b49e7,numeric-base,1560NS,MSC# 62991369,Guhring,https://airtable.com/app95Qqnn3zB3iHEZ/tblK9Tm6I4hBKfNyS/recfwZEMASHmEx5Oy
recfzBtvLsP4eF9Y7,1d4d1fc6-737c-4652-96a4-86d827e356a6,description,1538NS,05493747,Accupro,https://airtable.com/app95Qqnn3zB3iHEZ/tblK9Tm6I4hBKfNyS/recfzBtvLsP4eF9Y7
recfzKyyOUuiYSMGa,03892d37-d10d-4e2d-89d3-08d328c8a053,description,1966NS,64832470,Helicoil,https://airtable.com/app95Qqnn3zB3iHEZ/tblK9Tm6I4hBKfNyS/recfzKyyOUuiYSMGa
recg6sG3ueguSSwCl,ad919b04-5d1f-432e-a749-00388119024f,description,1906NS,1651501508,OSG,https://airtable.com/app95Qqnn3zB3iHEZ/tblK9Tm6I4hBKfNyS/recg6sG3ueguSSwCl
recgH8PfmkJQGXhMb,6d13d7b8-9831-4d64-8266-3490c0c17888,description,1572NS,D4148130,YG1,https://airtable.com/app95Qqnn3zB3iHEZ/tblK9Tm6I4hBKfNyS/recgH8PfmkJQGXhMb
recgHq7EdpVonqu18,71811498-de12-45ac-bacc-36ee7480fd8f,description,0319NS,SAEJ1926-04RA,Scientific Cutting Tools,https://airtable.com/app95Qqnn3zB3iHEZ/tblK9Tm6I4hBKfNyS/recgHq7EdpVonqu18
recgMh7DuFw63HQZ4,a2313734-f047-4745-89e9-e6e70a5f7503,numeric-base,1987NS,49716855,MSC,https://airtable.com/app95Qqnn3zB3iHEZ/tblK9Tm6I4hBKfNyS/recgMh7DuFw63HQZ4
recgNCeBvMCUaZUdY,c01038dc-4922-4c8f-a358-e930bb73f706,description,"11 MRTL Shrink, .375 3"" GAGE",,,https://airtable.com/app95Qqnn3zB3iHEZ/tblK9Tm6I4hBKfNyS/recgNCeBvMCUaZUdY
recgTXFqsB3jIAkNh,bcaec306-fc28-47af-8dae-29346e7ccf19,numeric-base,0105C,MP6130,Mitsubishi,https://airtable.com/app95Qqnn3zB3iHEZ/tblK9Tm6I4hBKfNyS/recgTXFqsB3jIAkNh
recga6EW5HNBto8ni,5edfe0f7-d2a4-4b9a-ad4b-45eec9f60323,numeric-base,363NS,98580530,Fraisa,https://airtable.com/app95Qqnn3zB3iHEZ/tblK9Tm6I4hBKfNyS/recga6EW5HNBto8ni
recgsKEBf88NQMij1,9a01bb09-e6a9-4dae-a9bc-4e0977678d39,description,1664NS,05747290,MSC,https://airtable.com/app95Qqnn3zB3iHEZ/tblK9Tm6I4hBKfNyS/recgsKEBf88NQMij1
recgxGi92q6fCeM0w,3f316a1f-6486-49ec-b02c-9f529dd45c55,description,0347NS,Custom,Imco,https://airtable.com/app95Qqnn3zB3iHEZ/tblK9Tm6I4hBKfNyS/recgxGi92q6fCeM0w
rech8PFaS761l925K,da6acef1-3f91-4d36-966d-1b978caa6c27,description,0247NS,UGMF74903,YG1,https://airtable.com/app95Qqnn3zB3iHEZ/tblK9Tm6I4hBKfNyS/rech8PFaS761l925K
rechKtY0xl5DJbZRk,33dcd835-d8fd-40ce-a860-128b1f515bf6,numeric-base,1957NS,R011187AS,Value Collection,https://airtable.com/app95Qqnn3zB3iHEZ/tblK9Tm6I4hBKfNyS/rechKtY0xl5DJbZRk
rechS0AWgqgPFgT6T,1ede8490-5ec6-41be-a217-7675228dc831,description,0237NS,76-1220,Internal Tool,https://airtable.com/app95Qqnn3zB3iHEZ/tblK9Tm6I4hBKfNyS/rechS0AWgqgPFgT6T
rechnj96zs6QTfqAN,5cfce3a9-9332-4566-aead-6b7bb05da62e,numeric-base,1963NS,1400128305,OSG,https://airtable.com/app95Qqnn3zB3iHEZ/tblK9Tm6I4hBKfNyS/rechnj96zs6QTfqAN
rechqFgjrc7AItDNV,80b0f096-8303-4b39-8454-1e833e92b10f,numeric-base,1958NS,64047541,OSG,https://airtable.com/app95Qqnn3zB3iHEZ/tblK9Tm6I4hBKfNyS/rechqFgjrc7AItDNV
rechskqDWWmxApk35,56855c20-1dce-43fd-87a9-ea71bfa6c9df,description,0270NS,64-1429,Internal Tool,https://airtable.com/app95Qqnn3zB3iHEZ/tblK9Tm6I4hBKfNyS/rechskqDWWmxApk35
reci6qG8eqKSjvppO,5edfe0f7-d2a4-4b9a-ad4b-45eec9f60323,description,0363NS,98580530,Fraisa,https://airtable.com/app95Qqnn3zB3iHEZ/tblK9Tm6I4hBKfNyS/reci6qG8eqKSjvppO
reci8rWpmor0vZE1L,ea0fe76b-d1af-43b0-bac2-11aa9b7f764e,description,365NS,98578530,Fraisa,https://airtable.com/app95Qqnn3zB3iHEZ/tblK9Tm6I4hBKfNyS/reci8rWpmor0vZE1L
reciFkSBRd1TAJywH,c01038dc-4922-4c8f-a358-e930bb73f706,description,"11 MRTL Shrink, .375 3"" GAGE",,,https://airtable.com/app95Qqnn3zB3iHEZ/tblK9Tm6I4hBKfNyS/reciFkSBRd1TAJywH
reciG8Lo5cgV8lFzI,3cf1bd02-61b2-4274-a331-848381110bb2,description,1946NS,9039750100050,Guhring,https://airtable.com/app95Qqnn3zB3iHEZ/tblK9Tm6I4hBKfNyS/reciG8Lo5cgV8lFzI
reciLuke2QGHeYGed,35c3b7da-e57b-4254-9186-9e34523d5427,description,1565NS,9007320029000,Guhring,https://airtable.com/app95Qqnn3zB3iHEZ/tblK9Tm6I4hBKfNyS/reciLuke2QGHeYGed
reciTiPZ7rgBAQFxA,b036f6f5-ec54-48d5-8ee0-f9e2f3a722cf,description,0365NS,98578432,Fraisa,https://airtable.com/app95Qqnn3zB3iHEZ/tblK9Tm6I4hBKfNyS/reciTiPZ7rgBAQFxA
reciVr0gkWUNXE8pe,ccde0f5d-54e1-404a-b000-e1cb00373734,description,1904NS,70864475,OSG,https://airtable.com/app95Qqnn3zB3iHEZ/tblK9Tm6I4hBKfNyS/reciVr0gkWUNXE8pe
recijDkvyMdwsLkEb,19cbb192-01ac-438b-bf1a-4b81260858a3,description,1941NS,1983800,OSG,https://airtable.com/app95Qqnn3zB3iHEZ/tblK9Tm6I4hBKfNyS/recijDkvyMdwsLkEb
reciogA3JE5lB3qMU,f14577ac-2a9e-4fe8-9953-64f38737bbad,description,1997NS,48803076,MSC,https://airtable.com/app95Qqnn3zB3iHEZ/tblK9Tm6I4hBKfNyS/reciogA3JE5lB3qMU
recj6lIAlPFfeXkB4,a6237aa4-b636-4e1d-aa5f-6845917c81e6,description,0323NS,SPTM595XL,Rovi,https://airtable.com/app95Qqnn3zB3iHEZ/tblK9Tm6I4hBKfNyS/recj6lIAlPFfeXkB4
recjEgzBRzqC5tnev,7ce34874-b7d1-414b-a725-a8cf27195e1a,description,0293S,UGMF68S939,YG1,https://airtable.com/app95Qqnn3zB3iHEZ/tblK9Tm6I4hBKfNyS/recjEgzBRzqC5tnev
recjQEzNHpr6jTqJb,c01038dc-4922-4c8f-a358-e930bb73f706,description,"11 MRTL Shrink, .375 3"" GAGE",,,https://airtable.com/app95Qqnn3zB3iHEZ/tblK9Tm6I4hBKfNyS/recjQEzNHpr6jTqJb
recjbNzS30WjyHaqy,658e9173-4d89-4af1-8488-0e5f70102eaf,description,1902NS,1635003055,OSG,https://airtable.com/app95Qqnn3zB3iHEZ/tblK9Tm6I4hBKfNyS/recjbNzS30WjyHaqy
recjgSOgKowsMYUE6,b73e951c-6024-42f2-9e3f-f3f5a75f557b,description,1566NS,27212450A,MA Ford,https://airtable.com/app95Qqnn3zB3iHEZ/tblK9Tm6I4hBKfNyS/recjgSOgKowsMYUE6
recjntxIUaydX8jza,bb9273d4-3d81-4a42-b4e4-00e64c2cb225,description,1616NS,49716822,MSC,https://airtable.com/app95Qqnn3zB3iHEZ/tblK9Tm6I4hBKfNyS/recjntxIUaydX8jza
recjqt1Ns0UVD3d79,8639dc77-a529-443a-a668-f2b30e691971,numeric-base,0224C,MFPB37501AX,MA FORD,https://airtable.com/app95Qqnn3zB3iHEZ/tblK9Tm6I4hBKfNyS/recjqt1Ns0UVD3d79
recjraBUxublXuYvW,f36b9b5c-338c-4968-b5bd-7020331eee3a,description,0269NS,P98111.530,Fraisa,https://airtable.com/app95Qqnn3zB3iHEZ/tblK9Tm6I4hBKfNyS/recjraBUxublXuYvW
recjx8pChqLY1tUrF,2681cbc2-70a9-4568-961b-180b976cf0f0,description,PG15 X 70mm,,,https://airtable.com/app95Qqnn3zB3iHEZ/tblK9Tm6I4hBKfNyS/recjx8pChqLY1tUrF
reck2syG11YlNyFl6,dd46229d-5fe1-459e-88b2-d46fc714589e,numeric-base,0245C,32430-C4,Harvey,https://airtable.com/app95Qqnn3zB3iHEZ/tblK9Tm6I4hBKfNyS/reck2syG11YlNyFl6
reck4IA7GC2ULC9Fg,d26d067a-e0fe-45e6-a26c-001cd7633eb9,description,1640NS,79889838,Hertel,https://airtable.com/app95Qqnn3zB3iHEZ/tblK9Tm6I4hBKfNyS/reck4IA7GC2ULC9Fg
reckAW3ygNK7taASE,41a48f71-a5b1-4986-ad3d-7915afdc041e,description,1916NS,1735401,OSG,https://airtable.com/app95Qqnn3zB3iHEZ/tblK9Tm6I4hBKfNyS/reckAW3ygNK7taASE
reckfGHY3GxhvoF6Y,a1a5fdee-140e-4ce7-a615-a3b8556973f6,description,364NS,98578530,Fraisa,https://airtable.com/app95Qqnn3zB3iHEZ/tblK9Tm6I4hBKfNyS/reckfGHY3GxhvoF6Y
reckjI1jiSpP4Y6dG,d618a17c-f456-450d-8b06-73e618c7de4f,description,0200NS,E5975008,YG1,https://airtable.com/app95Qqnn3zB3iHEZ/tblK9Tm6I4hBKfNyS/reckjI1jiSpP4Y6dG
reclFvzdSLdyiqoXg,a30f1c56-7cbe-4f3a-8934-156f6e8923d8,description,0314NS,M5714152,Fraisa,https://airtable.com/app95Qqnn3zB3iHEZ/tblK9Tm6I4hBKfNyS/reclFvzdSLdyiqoXg
reclaayRSHblj7NC7,e0dd94d4-8abe-49bc-8728-59fbf345f7e8,description,379NS,69263010,MSC,https://airtable.com/app95Qqnn3zB3iHEZ/tblK9Tm6I4hBKfNyS/reclaayRSHblj7NC7
reclblon2TjFbPdO0,06255932-b328-480c-935c-1a90b8e91317,description,1980NS,9039170158750,Guhring,https://airtable.com/app95Qqnn3zB3iHEZ/tblK9Tm6I4hBKfNyS/reclblon2TjFbPdO0
reclfdg0xGClYZnNv,2dc92bcd-ef7a-411d-88bd-e63fb2cf7509,description,0369NS,95506432,Fraisa,https://airtable.com/app95Qqnn3zB3iHEZ/tblK9Tm6I4hBKfNyS/reclfdg0xGClYZnNv
recloTKxEOmP07PcV,4983acf9-c4d9-4ba6-8535-887a3568a7c5,description,0205NS,E5G95912,YG1,https://airtable.com/app95Qqnn3zB3iHEZ/tblK9Tm6I4hBKfNyS/recloTKxEOmP07PcV
recloYiMER29bSxT4,4dde8135-a550-46db-99f3-245d8d5ec5cd,description,0271S,EDP36626,UltraTool,https://airtable.com/app95Qqnn3zB3iHEZ/tblK9Tm6I4hBKfNyS/recloYiMER29bSxT4
reclpHLB2DTBj03J5,9c9c1417-a961-4bed-a1f7-6e775367744e,description,1923NS,1832002,OSG,https://airtable.com/app95Qqnn3zB3iHEZ/tblK9Tm6I4hBKfNyS/reclpHLB2DTBj03J5
recm32JvlsDrQ03Ch,cd5fce3e-628c-4d62-80ef-9b5834f51bf9,description,0313NS,00353RT,Round Tool,https://airtable.com/app95Qqnn3zB3iHEZ/tblK9Tm6I4hBKfNyS/recm32JvlsDrQ03Ch
recm3kTjyh9GXxU7M,a46555ee-985b-478f-8613-e51e96427ece,description,1517NS,YGD4148112,YG1,https://airtable.com/app95Qqnn3zB3iHEZ/tblK9Tm6I4hBKfNyS/recm3kTjyh9GXxU7M
recmO53S2z3w2gasB,515d2a05-5d53-4124-8a6c-5fc664cd9e10,description,1623NS,DH408011F,YG1,https://airtable.com/app95Qqnn3zB3iHEZ/tblK9Tm6I4hBKfNyS/recmO53S2z3w2gasB
recmPsouvEhJy2qbN,c01038dc-4922-4c8f-a358-e930bb73f706,description,"11 MRTL Shrink, .375 3"" GAGE",,,https://airtable.com/app95Qqnn3zB3iHEZ/tblK9Tm6I4hBKfNyS/recmPsouvEhJy2qbN
recmiwo3YpNJuB9ZD,e02a7f91-32fc-4a85-b5aa-7f30a779df42,description,1598NS,07471675,OSG,https://airtable.com/app95Qqnn3zB3iHEZ/tblK9Tm6I4hBKfNyS/recmiwo3YpNJuB9ZD
recmp72ZeZxK702XN,d12db88e-e928-4278-ac33-6b94808f48e1,description,0317NS,71362,Harvey Tool,https://airtable.com/app95Qqnn3zB3iHEZ/tblK9Tm6I4hBKfNyS/recmp72ZeZxK702XN
recmurzhajhLYZ12N,b0d03a67-ab64-40b9-8822-3739a78ccba5,numeric-base,0275S,E5I38928,YG1,https://airtable.com/app95Qqnn3zB3iHEZ/tblK9Tm6I4hBKfNyS/recmurzhajhLYZ12N
recmyosi9e9Wgew02,c01038dc-4922-4c8f-a358-e930bb73f706,description,"11 MRTL Shrink, .375 3"" GAGE",,,https://airtable.com/app95Qqnn3zB3iHEZ/tblK9Tm6I4hBKfNyS/recmyosi9e9Wgew02
recn18y4GZgBDFZMj,4ddd9a2a-6858-4998-8eb4-c45b81aa1e23,description,0372NS,P15851530,Fraisa,https://airtable.com/app95Qqnn3zB3iHEZ/tblK9Tm6I4hBKfNyS/recn18y4GZgBDFZMj
recn1L5KRsbKXZ0Z9,e22ab0a8-08d1-4487-a244-ded60c3a5093,description,0302NS,60056959,Accupro,https://airtable.com/app95Qqnn3zB3iHEZ/tblK9Tm6I4hBKfNyS/recn1L5KRsbKXZ0Z9
recnGHj9Ur6erXrZZ,0054507d-8dc0-48cf-8c67-91a46cdf0d25,description,0373NS,P15851432,Fraisa,https://airtable.com/app95Qqnn3zB3iHEZ/tblK9Tm6I4hBKfNyS/recnGHj9Ur6erXrZZ
recnJE3Qgswomwfs6,af1f8fa3-0e0a-45e0-abe7-44afa6958dc7,description,3005NS,,,https://airtable.com/app95Qqnn3zB3iHEZ/tblK9Tm6I4hBKfNyS/recnJE3Qgswomwfs6
recnKvLjmLDKBE6dz,30604e22-1444-4895-b135-e5a991b60c95,CONFLICT,0362NS,53442703,MSC,https://airtable.com/app95Qqnn3zB3iHEZ/tblK9Tm6I4hBKfNyS/recnKvLjmLDKBE6dz
recnQIZbRnFbWWmcz,e46fad64-b6ce-49b0-ac71-245c272a1f05,description,1527NS,13673196,YG1,https://airtable.com/app95Qqnn3zB3iHEZ/tblK9Tm6I4hBKfNyS/recnQIZbRnFbWWmcz
recnYEBZL4j2ERcBj,26f909df-73a3-4f79-93fe-d8520a7e1798,description,1582NS,D4107110,YG1,https://airtable.com/app95Qqnn3zB3iHEZ/tblK9Tm6I4hBKfNyS/recnYEBZL4j2ERcBj
recniXvvGnCK7sE3r,7c3ebb18-0b01-4dcf-8c05-01f547796289,description,0312NS,1610-0650.195,Kyocera,https://airtable.com/app95Qqnn3zB3iHEZ/tblK9Tm6I4hBKfNyS/recniXvvGnCK7sE3r
recnw9yGN04hAyMji,22b2a48d-d8a9-4418-b506-db6214bdb2ba,description,0295NS,UGMF70906,YG1,https://airtable.com/app95Qqnn3zB3iHEZ/tblK9Tm6I4hBKfNyS/recnw9yGN04hAyMji
reco3IGa9Fejyc3sy,5aac9053-8a79-4648-a792-740964dee478,numeric-base,1931S,1400119205,OSG,https://airtable.com/app95Qqnn3zB3iHEZ/tblK9Tm6I4hBKfNyS/reco3IGa9Fejyc3sy
recoFBitbVm7GI7Ww,7eecd804-e9a7-4ea0-a8ab-c5ceaf4d080d,description,1919NS,1410105105,OSG,https://airtable.com/app95Qqnn3zB3iHEZ/tblK9Tm6I4hBKfNyS/recoFBitbVm7GI7Ww
recoGBPl73VkvJFZv,35aed9de-357c-4378-b860-29e8364f0f55,description,1621NS,9055200120000,Guhring,https://airtable.com/app95Qqnn3zB3iHEZ/tblK9Tm6I4hBKfNyS/recoGBPl73VkvJFZv
recoHTq3UdXK3bzfM,0eb4eb66-f8e6-462a-9daf-11e472c89c4b,description,1600S,9007320025300,Guhring,https://airtable.com/app95Qqnn3zB3iHEZ/tblK9Tm6I4hBKfNyS/recoHTq3UdXK3bzfM
recoHlpFkZnnAoB5v,bd0a0aa9-2dae-4cd0-8216-976d6c53b05d,numeric-base,1921NS,B0306001.0050,Emuge,https://airtable.com/app95Qqnn3zB3iHEZ/tblK9Tm6I4hBKfNyS/recoHlpFkZnnAoB5v
recoI9GSQCNGiVgDZ,f4554eb3-713a-46eb-826d-41e2beff11d1,description,2002NS,75677989,MSC,https://airtable.com/app95Qqnn3zB3iHEZ/tblK9Tm6I4hBKfNyS/recoI9GSQCNGiVgDZ
recoK3RgoUnDC3Of3,2507f248-4b21-4bf7-8a76-8953259fab8d,description,1676NS,YG1 DH451108,CTC,https://airtable.com/app95Qqnn3zB3iHEZ/tblK9Tm6I4hBKfNyS/recoK3RgoUnDC3Of3
recoZjL8Dbk1OR2jK,c0603272-5995-4f32-8814-4ecd8627244d,description,0265NS,18355-C3,Harvey Tool,https://airtable.com/app95Qqnn3zB3iHEZ/tblK9Tm6I4hBKfNyS/recoZjL8Dbk1OR2jK
recoaAN1VVAWqkwon,8c3a2161-605b-4aff-84da-bf9ffaa73dc6,description,0274NS,E5G97978,YG1,https://airtable.com/app95Qqnn3zB3iHEZ/tblK9Tm6I4hBKfNyS/recoaAN1VVAWqkwon
recocSKykBk7wXMo0,28aa3842-5355-4817-a8e7-6ef37143ceff,description,0300NS,YGUGMG53924,YG1,https://airtable.com/app95Qqnn3zB3iHEZ/tblK9Tm6I4hBKfNyS/recocSKykBk7wXMo0
recoeQK4YZkt5000u,b3c9160a-de31-433d-9814-86597839c08a,description,1577NS,300-3937,OSG,https://airtable.com/app95Qqnn3zB3iHEZ/tblK9Tm6I4hBKfNyS/recoeQK4YZkt5000u
recognJ1EueH9GjCY,d5c2a6af-b06f-4d84-afbc-f23fbe58366b,description,1561NS,YGD4148136,YG1,https://airtable.com/app95Qqnn3zB3iHEZ/tblK9Tm6I4hBKfNyS/recognJ1EueH9GjCY
recok1vuKmQLSYr1D,95d383be-7663-4392-af3f-28cae5f5977a,description,1658NS,01057249,MA Ford,https://airtable.com/app95Qqnn3zB3iHEZ/tblK9Tm6I4hBKfNyS/recok1vuKmQLSYr1D
recp2DezYtQK7uVNd,9f99bf29-904e-4e64-beb4-dcd14150705f,description,1982NS,T4725,YG1,https://airtable.com/app95Qqnn3zB3iHEZ/tblK9Tm6I4hBKfNyS/recp2DezYtQK7uVNd
recp4nrN1y2KGPzl7,942d0704-d01e-4681-aa13-483920aab591,description,1602S,58579533,MSC,https://airtable.com/app95Qqnn3zB3iHEZ/tblK9Tm6I4hBKfNyS/recp4nrN1y2KGPzl7
recp8EVzuIP06HwAP,96435667-a909-4c50-b388-bd00affa6f61,description,1657NS,9007300030500,Guhring,https://airtable.com/app95Qqnn3zB3iHEZ/tblK9Tm6I4hBKfNyS/recp8EVzuIP06HwAP
recpAXjl6FoCYHrlj,b2ea95ef-7cab-4bb6-826f-954c2a376a28,description,1948NS,0604R31S,Regal USA,https://airtable.com/app95Qqnn3zB3iHEZ/tblK9Tm6I4hBKfNyS/recpAXjl6FoCYHrlj
recpPE1pjzuZS3zw3,560f0547-c086-4e73-a4d8-d7d73e42b85a,description,1672NS,00655068,MSC,https://airtable.com/app95Qqnn3zB3iHEZ/tblK9Tm6I4hBKfNyS/recpPE1pjzuZS3zw3
recpSmZd3m2aClJjP,d58b8a35-b8f0-4ee1-a2e7-7e1e3814355b,description,0344NS,CF2-6506,Conical,https://airtable.com/app95Qqnn3zB3iHEZ/tblK9Tm6I4hBKfNyS/recpSmZd3m2aClJjP
recpfpuo1YNF1zxEs,fff1be98-b58f-44c8-aac8-959597893df3,description,0359NS,46038477,MSC,https://airtable.com/app95Qqnn3zB3iHEZ/tblK9Tm6I4hBKfNyS/recpfpuo1YNF1zxEs
recpjiZHovt5R23xu,691bba6d-d836-4fe7-8663-8c19f0e509bc,description,0102NS,,,https://airtable.com/app95Qqnn3zB3iHEZ/tblK9Tm6I4hBKfNyS/recpjiZHovt5R23xu
recq1Ur1OtBeddJvv,45740ce0-7f20-4753-84b6-05a966f62bd6,numeric-base,0354NS,Microcut 59020,CTC,https://airtable.com/app95Qqnn3zB3iHEZ/tblK9Tm6I4hBKfNyS/recq1Ur1OtBeddJvv
recq2exsyt4blsowa,3f0e7b6f-0a6d-4a09-8b34-c5d8849c096e,description,1603NS,DH406063,YG1,https://airtable.com/app95Qqnn3zB3iHEZ/tblK9Tm6I4hBKfNyS/recq2exsyt4blsowa
recqCLotD7kSphqrh,326d0d74-1970-477a-bf2c-7e8660de94e0,description,1573NS,07307,SGS/Kyocera,https://airtable.com/app95Qqnn3zB3iHEZ/tblK9Tm6I4hBKfNyS/recqCLotD7kSphqrh
recqVFzolLc5lXcse,88282dd0-f8c7-471f-ac98-bc862efeadea,description,3001NS,DLGP195150K,YG1,https://airtable.com/app95Qqnn3zB3iHEZ/tblK9Tm6I4hBKfNyS/recqVFzolLc5lXcse
recqkEb1TVSToIIoT,36fef03c-be80-4928-8836-fe04e8ceb3f0,description,1912NS,1410105405,OSG,https://airtable.com/app95Qqnn3zB3iHEZ/tblK9Tm6I4hBKfNyS/recqkEb1TVSToIIoT
recqwCSNWbXVathqB,6d8f6e0f-2634-413f-9fe3-27b9b95fa414,description,0288NS,76-1159-C,Internal Tool,https://airtable.com/app95Qqnn3zB3iHEZ/tblK9Tm6I4hBKfNyS/recqwCSNWbXVathqB
recr6xy34VgtdSncS,73d92e91-357a-4af0-8ad2-ef90a542d932,description,1601NS,D4107170K,YG1,https://airtable.com/app95Qqnn3zB3iHEZ/tblK9Tm6I4hBKfNyS/recr6xy34VgtdSncS
recrDP8RcgaCoSIsG,fe24b89b-f45b-4b15-82fc-5b35f7a0532c,description,0263NS,859724,Harvey,https://airtable.com/app95Qqnn3zB3iHEZ/tblK9Tm6I4hBKfNyS/recrDP8RcgaCoSIsG
recrFP3WwBkZ3XKyn,edb4fc9c-75bd-43a2-a9a9-43efb958a69c,description,1542NS,DPP447060,YG1,https://airtable.com/app95Qqnn3zB3iHEZ/tblK9Tm6I4hBKfNyS/recrFP3WwBkZ3XKyn
recrRGqz2cwKT121m,d47f9d5b-30dd-438d-ba2b-f755b452059f,description,0368NS,95505530,Fraisa,https://airtable.com/app95Qqnn3zB3iHEZ/tblK9Tm6I4hBKfNyS/recrRGqz2cwKT121m
recrZE2LVyvI0lzuX,a41729bf-b358-46df-8085-45cb1237f574,description,1626NS,D4107140,YG1,https://airtable.com/app95Qqnn3zB3iHEZ/tblK9Tm6I4hBKfNyS/recrZE2LVyvI0lzuX
recrwYmHAWx8Hx1x6,f13357b6-31fd-41ea-a867-19d152de6c72,description,0336NS,88-0890,Internal Tool,https://airtable.com/app95Qqnn3zB3iHEZ/tblK9Tm6I4hBKfNyS/recrwYmHAWx8Hx1x6
recs3xXG52bOuj1mO,c01038dc-4922-4c8f-a358-e930bb73f706,description,"11 MRTL Shrink, .375 3"" GAGE",,,https://airtable.com/app95Qqnn3zB3iHEZ/tblK9Tm6I4hBKfNyS/recs3xXG52bOuj1mO
recs7FIwTnEkn6emK,d210a5fd-9900-47b4-8e0d-38e63aa41459,description,1604S,DH424038K,YG1,https://airtable.com/app95Qqnn3zB3iHEZ/tblK9Tm6I4hBKfNyS/recs7FIwTnEkn6emK
recsNflSQyTc60cUh,f0567de4-e9b4-4853-bbea-bc458a79ccdc,description,1973NS,1651503308,OSG,https://airtable.com/app95Qqnn3zB3iHEZ/tblK9Tm6I4hBKfNyS/recsNflSQyTc60cUh
recsOjrSMhNYjjsUn,caaf13b5-50f9-4650-aac2-a95a01231d7c,description,1927NS,N8616,YG1,https://airtable.com/app95Qqnn3zB3iHEZ/tblK9Tm6I4hBKfNyS/recsOjrSMhNYjjsUn
recsQ34go2TEuQO5G,298c6a2c-5851-4996-b78e-fb9862e5f256,description,0350NS,38570974,Harvey Tool,https://airtable.com/app95Qqnn3zB3iHEZ/tblK9Tm6I4hBKfNyS/recsQ34go2TEuQO5G
recsRGXp47yTgMqT8,4694c2b0-523b-434a-a926-17d4f64ac825,description,1575NS,9024640046200,Guhring,https://airtable.com/app95Qqnn3zB3iHEZ/tblK9Tm6I4hBKfNyS/recsRGXp47yTgMqT8
recshdGSBhSBbL2lh,5bfdb1a7-2fcd-40a9-a669-8284a7fff25b,numeric-base,0228C,UGMF68S919,YG1,https://airtable.com/app95Qqnn3zB3iHEZ/tblK9Tm6I4hBKfNyS/recshdGSBhSBbL2lh
recssnTj5sD26UrmB,c01038dc-4922-4c8f-a358-e930bb73f706,description,"11 MRTL Shrink, .375 3"" GAGE",,,https://airtable.com/app95Qqnn3zB3iHEZ/tblK9Tm6I4hBKfNyS/recssnTj5sD26UrmB
rect1ifpCUHe0Bv6l,c01038dc-4922-4c8f-a358-e930bb73f706,description,"11 MRTL Shrink, .375 3"" GAGE",,,https://airtable.com/app95Qqnn3zB3iHEZ/tblK9Tm6I4hBKfNyS/rect1ifpCUHe0Bv6l
rectC5kQJTWavPD2F,9945a3d6-4eac-44f6-a4f1-b81ee3fa6a52,description,1994NS,62992821,MSC,https://airtable.com/app95Qqnn3zB3iHEZ/tblK9Tm6I4hBKfNyS/rectC5kQJTWavPD2F
rectMcsrCtFJY7v4o,2ebe5402-30e3-4aaf-97d3-0196deed59ec,description,1984NS,1650005108,OSG,https://airtable.com/app95Qqnn3zB3iHEZ/tblK9Tm6I4hBKfNyS/rectMcsrCtFJY7v4o
rectUs67U0vfimBr9,a8bfbdb5-6fb1-4d9d-b08d-11d02b6a0156,description,0400NS,ADD8018320,Brush Research,https://airtable.com/app95Qqnn3zB3iHEZ/tblK9Tm6I4hBKfNyS/rectUs67U0vfimBr9
rectjex8hmQo5VSdS,4181b89a-a223-41ee-941d-5a7a7364bb1e,description,1652NS,72291123,Hertel,https://airtable.com/app95Qqnn3zB3iHEZ/tblK9Tm6I4hBKfNyS/rectjex8hmQo5VSdS
rectp0abpeVIDf8Di,9adfb74e-46ba-400d-b661-aeb4c1a5f547,description,Blum T52,,,https://airtable.com/app95Qqnn3zB3iHEZ/tblK9Tm6I4hBKfNyS/rectp0abpeVIDf8Di
rectxb9QOzdlAWtxG,29804942-a716-49da-92eb-5a422638a588,description,0278NS,81440497,MSC,https://airtable.com/app95Qqnn3zB3iHEZ/tblK9Tm6I4hBKfNyS/rectxb9QOzdlAWtxG
rectxcTZnV3t0MqLW,bb027adb-ccdc-4d2a-be7f-c3f8d95725cb,description,1675NS,62992284,MSC,https://airtable.com/app95Qqnn3zB3iHEZ/tblK9Tm6I4hBKfNyS/rectxcTZnV3t0MqLW
recuAv2AUsms8f8qs,6c85fe46-c9a0-47ff-83de-c1dcf247b244,description,1661NS,49716830,MSC,https://airtable.com/app95Qqnn3zB3iHEZ/tblK9Tm6I4hBKfNyS/recuAv2AUsms8f8qs
recuHzsb8CkQhJpbE,bf22ba00-7bdd-440d-b1b1-056bd837b62f,description,1667NS,62991396,MSC,https://airtable.com/app95Qqnn3zB3iHEZ/tblK9Tm6I4hBKfNyS/recuHzsb8CkQhJpbE
recuKJ1PHRox7tY9d,37d73c64-a6d7-4df6-970d-437658c40d61,description,1905S,1400110608,OSG,https://airtable.com/app95Qqnn3zB3iHEZ/tblK9Tm6I4hBKfNyS/recuKJ1PHRox7tY9d
recuNjQdMMMGCht2P,9296af83-2a44-4062-878b-5fa6e281a7e2,description,0255NS,UGMF70967,YG1,https://airtable.com/app95Qqnn3zB3iHEZ/tblK9Tm6I4hBKfNyS/recuNjQdMMMGCht2P
recuWBPKN6qvfmcE3,35c4ba3c-abed-4fa0-a948-ce7bdfe18168,description,1504NS,11941160,YG1,https://airtable.com/app95Qqnn3zB3iHEZ/tblK9Tm6I4hBKfNyS/recuWBPKN6qvfmcE3
recueueVDZxA9RZ2e,973abc07-7afb-4749-834d-ce32523c174a,numeric-base,0253NS,GM38B4,Gorilla Mill,https://airtable.com/app95Qqnn3zB3iHEZ/tblK9Tm6I4hBKfNyS/recueueVDZxA9RZ2e
recumINzrtPrFDcww,c01038dc-4922-4c8f-a358-e930bb73f706,description,"11 MRTL Shrink, .375 3"" GAGE",TM4-3031.5-BL,Q-Mark,https://airtable.com/app95Qqnn3zB3iHEZ/tblK9Tm6I4hBKfNyS/recumINzrtPrFDcww
recunsKmsg542UFww,2f50b8fb-8dd1-49cb-9574-75832e384e5d,description,1532NS,55448153,OSG,https://airtable.com/app95Qqnn3zB3iHEZ/tblK9Tm6I4hBKfNyS/recunsKmsg542UFww
recup1ou7VSDPZALy,419581fc-9069-4aed-883b-e0683ee22ab1,description,1917NS,17586-81U,Balax,https://airtable.com/app95Qqnn3zB3iHEZ/tblK9Tm6I4hBKfNyS/recup1ou7VSDPZALy
recv19QbPMpdnoVSF,4c213bc0-6087-4b23-94ba-ab75e4797a86,description,1660NS,49716764,MSC,https://airtable.com/app95Qqnn3zB3iHEZ/tblK9Tm6I4hBKfNyS/recv19QbPMpdnoVSF
recvYX704RBBlMkxF,e8ca47ea-8313-4c3b-b795-fb8d01421197,description,0316NS,39602,Kyocera,https://airtable.com/app95Qqnn3zB3iHEZ/tblK9Tm6I4hBKfNyS/recvYX704RBBlMkxF
recvbOuM10h3et7X2,f994b327-7279-4139-83e2-ea051ad878d1,description,0327NS,,AB Tools,https://airtable.com/app95Qqnn3zB3iHEZ/tblK9Tm6I4hBKfNyS/recvbOuM10h3et7X2
recvt2NlasfD4QvOZ,f53e7cc6-c515-4023-860e-8390344c4b4b,description,1926NS,CU4993000116,Emuge,https://airtable.com/app95Qqnn3zB3iHEZ/tblK9Tm6I4hBKfNyS/recvt2NlasfD4QvOZ
recvx8aJ2xgNBRO7o,071b7700-badd-430b-8f60-43212c87b0ad,description,1663NS,58597253,MSC,https://airtable.com/app95Qqnn3zB3iHEZ/tblK9Tm6I4hBKfNyS/recvx8aJ2xgNBRO7o
recwQNl7tqzBYrypS,694d2564-eb50-4b67-9c5c-c8362e9cfd86,description,1908NS,OSG 70647664,MSC,https://airtable.com/app95Qqnn3zB3iHEZ/tblK9Tm6I4hBKfNyS/recwQNl7tqzBYrypS
recwijwr4HAkdYCUL,bbf41a6a-d7e7-4d83-be63-fb0f88d04040,description,1548NS,MSC# 33127028,Titan USa,https://airtable.com/app95Qqnn3zB3iHEZ/tblK9Tm6I4hBKfNyS/recwijwr4HAkdYCUL
recwpDzqPjZoYiUgi,dc1d1c4c-e254-4cd7-911a-9ff6ef35dd9f,description,0374ALT,EMT 1212 D26 12 UNJ,CTC,https://airtable.com/app95Qqnn3zB3iHEZ/tblK9Tm6I4hBKfNyS/recwpDzqPjZoYiUgi
recwvz2KrH6J6OGQj,e7d5e78a-bcd4-46c0-a98a-b4d756d83e49,description,1508NS,DH408037K,YG1,https://airtable.com/app95Qqnn3zB3iHEZ/tblK9Tm6I4hBKfNyS/recwvz2KrH6J6OGQj
recx05soEllGm4iuz,b7d67a31-73c6-498a-8a9b-51e5b34b414d,description,1637NS,05925763,Accupro,https://airtable.com/app95Qqnn3zB3iHEZ/tblK9Tm6I4hBKfNyS/recx05soEllGm4iuz
recx29ldiumC6v4o6,183ddf02-8121-44ea-8a26-186b0bd50c1b,description,1592NS,55451827,MSC,https://airtable.com/app95Qqnn3zB3iHEZ/tblK9Tm6I4hBKfNyS/recx29ldiumC6v4o6
recx2HWpjV4ClruKN,fd8d98a8-ddf5-4070-a584-53aacacca0cb,description,0352NS,43454123,Scientific Cutting Tools,https://airtable.com/app95Qqnn3zB3iHEZ/tblK9Tm6I4hBKfNyS/recx2HWpjV4ClruKN
recx8sVcLc97DTTwL,50583dc5-879f-4271-a47e-2d69eddff5d9,description,1651NS,30144349,Hertel,https://airtable.com/app95Qqnn3zB3iHEZ/tblK9Tm6I4hBKfNyS/recx8sVcLc97DTTwL
recxA0wHPMtEnEVMU,c01038dc-4922-4c8f-a358-e930bb73f706,description,"11 MRTL Shrink, .375 3"" GAGE",,,https://airtable.com/app95Qqnn3zB3iHEZ/tblK9Tm6I4hBKfNyS/recxA0wHPMtEnEVMU
recxYLRbkuLanQ36N,f0f3b49e-7989-4f86-8c10-30ba9f0e911b,description,1995NS,49710676,MSC,https://airtable.com/app95Qqnn3zB3iHEZ/tblK9Tm6I4hBKfNyS/recxYLRbkuLanQ36N
recxbxZ5REQ80IoMG,1873c7af-3037-475f-a1fe-0ab3e0c11e14,CONFLICT,0361NS,16729980,MSC,https://airtable.com/app95Qqnn3zB3iHEZ/tblK9Tm6I4hBKfNyS/recxbxZ5REQ80IoMG
recxeJ5wol9ZvaFy6,554d4734-6070-4ac1-b984-5d559e6c4c09,description,1631NS,9024640051100,Guhring,https://airtable.com/app95Qqnn3zB3iHEZ/tblK9Tm6I4hBKfNyS/recxeJ5wol9ZvaFy6
recxgCukefr0s8Av9,b2a333e5-956e-42f4-a2c3-7821c2aa72ec,description,1909NS,1735001,OSG,https://airtable.com/app95Qqnn3zB3iHEZ/tblK9Tm6I4hBKfNyS/recxgCukefr0s8Av9
recxhmphcQPzu1SPu,5b573418-74c1-4f66-95be-9880bd0bba43,description,1993NS,62992367,MSC,https://airtable.com/app95Qqnn3zB3iHEZ/tblK9Tm6I4hBKfNyS/recxhmphcQPzu1SPu
recxmF9DYr82Kn9PX,42d0fc0d-90da-4c29-9e0f-705367ef1ebe,description,0306NS,991140-C3,Harvey Tool,https://airtable.com/app95Qqnn3zB3iHEZ/tblK9Tm6I4hBKfNyS/recxmF9DYr82Kn9PX
recxnDWr74tJPBksL,9daeb5bc-6aea-4f37-8b60-1e76827a3fe2,description,1540NS,YGD4146028,YG1,https://airtable.com/app95Qqnn3zB3iHEZ/tblK9Tm6I4hBKfNyS/recxnDWr74tJPBksL
recxvDiwvil9uRZzM,30d2763f-8248-4769-a02e-e9205a7c1a97,description,0225S,UGMF68S917,YG1,https://airtable.com/app95Qqnn3zB3iHEZ/tblK9Tm6I4hBKfNyS/recxvDiwvil9uRZzM
recy0eg4FX85bbEO1,c647a451-55f2-4ae2-99f3-f47f69cdca6b,description,1903NS,19025,GWS,https://airtable.com/app95Qqnn3zB3iHEZ/tblK9Tm6I4hBKfNyS/recy0eg4FX85bbEO1
recyBRlAStvf4VOyf,642941ed-1ab0-4ed4-87af-47aba9233fa8,description,0331NS,SPTM372,SCT,https://airtable.com/app95Qqnn3zB3iHEZ/tblK9Tm6I4hBKfNyS/recyBRlAStvf4VOyf
recyBiOZ4YC4VqOXW,3c8c36d2-fbcb-4c23-9f33-65a049149a42,description,0305NS,37573,YG1,https://airtable.com/app95Qqnn3zB3iHEZ/tblK9Tm6I4hBKfNyS/recyBiOZ4YC4VqOXW
recyBuy2gpK1BdGyF,dd46229d-5fe1-459e-88b2-d46fc714589e,numeric-base,0245C,32430-C4,Harvey,https://airtable.com/app95Qqnn3zB3iHEZ/tblK9Tm6I4hBKfNyS/recyBuy2gpK1BdGyF
recyDG6EaVJOj8I2n,18240b7d-10fe-4f18-aae6-bb31812f4d35,description,1900S,1400104905,OSG,https://airtable.com/app95Qqnn3zB3iHEZ/tblK9Tm6I4hBKfNyS/recyDG6EaVJOj8I2n
recyMR0Ss0QjaWCWS,449cbac3-b928-4822-9f50-1e6d989ca992,description,3007NS,,,https://airtable.com/app95Qqnn3zB3iHEZ/tblK9Tm6I4hBKfNyS/recyMR0Ss0QjaWCWS
recyZ5kM9tVQfSxKD,bc91bb90-a7fb-41e4-b30b-5ec0bce9d95c,description,0335NS,41450-C3,Harvery Tool,https://airtable.com/app95Qqnn3zB3iHEZ/tblK9Tm6I4hBKfNyS/recyZ5kM9tVQfSxKD
recyiGMp3RmjG4iZ1,a217cbea-cd3b-4941-9521-8f49d8d449f7,numeric-base,0235C,E5G95929,YG1,https://airtable.com/app95Qqnn3zB3iHEZ/tblK9Tm6I4hBKfNyS/recyiGMp3RmjG4iZ1
recyj0Qeep4SpmiJO,2883f7c9-5018-4a69-8d6c-ea9da4a99142,description,0283NS,S0250C75-20UN,Carmex,https://airtable.com/app95Qqnn3zB3iHEZ/tblK9Tm6I4hBKfNyS/recyj0Qeep4SpmiJO
recyjIpgb1f9eFi6X,8971d866-52d8-4b66-af92-7f1ed024e34f,description,2006NS,00245498,MSC,https://airtable.com/app95Qqnn3zB3iHEZ/tblK9Tm6I4hBKfNyS/recyjIpgb1f9eFi6X
reczJoabMXljFySNx,d8979789-e8a3-45a2-91c9-972454b7ad92,description,0286NS,E5G97909,YG1,https://airtable.com/app95Qqnn3zB3iHEZ/tblK9Tm6I4hBKfNyS/reczJoabMXljFySNx
reczaVivguWTFvELR,e7e99936-f124-4e35-ab2e-de588f81bffa,numeric-base,1950NS,70865027,OSG,https://airtable.com/app95Qqnn3zB3iHEZ/tblK9Tm6I4hBKfNyS/reczaVivguWTFvELR
reczarayjZxokMJzW,e8c29735-8406-48f6-93cb-04ddc225a21d,description,1915S,1400113905,OSG,https://airtable.com/app95Qqnn3zB3iHEZ/tblK9Tm6I4hBKfNyS/reczarayjZxokMJzW
reczpDXtiHN6GTO85,2ea78d33-f29c-4f19-a8b8-826899602338,description,1645NS,30147086,Hertel,https://airtable.com/app95Qqnn3zB3iHEZ/tblK9Tm6I4hBKfNyS/reczpDXtiHN6GTO85
recNI5YQyYxwwEyNK,c6ef7c2c-dd4a-43e7-87ee-0b40a2b49702,description,0382NS,63957344,MSC,https://airtable.com/app95Qqnn3zB3iHEZ/tblK9Tm6I4hBKfNyS/recNI5YQyYxwwEyNK
recrpH1lttNvP9EB9,805ac6cb-4811-4226-b18a-580975fddc3f,description,0383NS,07006273,MSC,https://airtable.com/app95Qqnn3zB3iHEZ/tblK9Tm6I4hBKfNyS/recrpH1lttNvP9EB9
recTBi8Dm36WbhNj3,22eee29f-48e4-4614-ad4b-ba8b6b7ba2ec,description,0384NS,18635417,MSC,https://airtable.com/app95Qqnn3zB3iHEZ/tblK9Tm6I4hBKfNyS/recTBi8Dm36WbhNj3
recxhk0fyVHJaRSZo,8e19b0e9-9b0d-4ed4-af1a-374700798a7f,description,1687NS,Ghurring 9024630028200,MSC,https://airtable.com/app95Qqnn3zB3iHEZ/tblK9Tm6I4hBKfNyS/recxhk0fyVHJaRSZo
recz2ctLEtbcqEv0g,d75decaf-4e25-4719-a991-d582067d8cc3,numeric-base,1688NS,DGE433084,YG1,https://airtable.com/app95Qqnn3zB3iHEZ/tblK9Tm6I4hBKfNyS/recz2ctLEtbcqEv0g
recEG6JdtY2c8gjuK,d75decaf-4e25-4719-a991-d582067d8cc3,description,1688S,DGE433084,YG1,https://airtable.com/app95Qqnn3zB3iHEZ/tblK9Tm6I4hBKfNyS/recEG6JdtY2c8gjuK
recoBM988FOx0KZ2u,acdca0d6-9dcd-451b-b85f-e08a45585d59,description,0385NS,99228702,MSC,https://airtable.com/app95Qqnn3zB3iHEZ/tblK9Tm6I4hBKfNyS/recoBM988FOx0KZ2u
recVK4DKaZg91T25g,4e8422aa-7a28-42fc-a5e2-874ca368eb02,description,0386NS,13842364,,https://airtable.com/app95Qqnn3zB3iHEZ/tblK9Tm6I4hBKfNyS/recVK4DKaZg91T25g
recHzKqQj3ryrzRKo,37969a53-8679-41c4-8c46-faa66afea473,description,0387NS,90811480,MSC,https://airtable.com/app95Qqnn3zB3iHEZ/tblK9Tm6I4hBKfNyS/recHzKqQj3ryrzRKo
recEuyYj6wXYnSzaW,f22a35e6-1f9c-48b2-afa1-246e100f6835,description,2007NS,49720410,MSC,https://airtable.com/app95Qqnn3zB3iHEZ/tblK9Tm6I4hBKfNyS/recEuyYj6wXYnSzaW
reclRD3xv7ayoRxH2,e2cec263-4755-4cae-9839-3c661e89309f,description,2008NS,49720436,MSC,https://airtable.com/app95Qqnn3zB3iHEZ/tblK9Tm6I4hBKfNyS/reclRD3xv7ayoRxH2
recyqmgJpCpqQhlUQ,3f553c42-5dee-4a1d-b2b9-fd4881768fdd,description,2009NS,09078692,MSC,https://airtable.com/app95Qqnn3zB3iHEZ/tblK9Tm6I4hBKfNyS/recyqmgJpCpqQhlUQ
recxTExACLrU5C1sH,a15e11c0-33b1-48e4-ba0c-1086c5927960,description,0388NS,EDT-U56-4.4-TH,PT Solutions,https://airtable.com/app95Qqnn3zB3iHEZ/tblK9Tm6I4hBKfNyS/recxTExACLrU5C1sH
recQHMykLv1RMHW0H,00f3843a-faf5-45ab-ab7d-9cf1c7f0db90,description,1689NS,75744516,MSC,https://airtable.com/app95Qqnn3zB3iHEZ/tblK9Tm6I4hBKfNyS/recQHMykLv1RMHW0H
reccskE3v44yiRPtA,2eb0989d-91ff-43ee-9962-c277bbe60734,description,1690NS,09247719,MSC,https://airtable.com/app95Qqnn3zB3iHEZ/tblK9Tm6I4hBKfNyS/reccskE3v44yiRPtA
recJcR8GGCdaSaHXq,9ecc8e89-c35d-40d3-ae18-f8c80ab5eb8c,description,0389,37516796,MSC,https://airtable.com/app95Qqnn3zB3iHEZ/tblK9Tm6I4hBKfNyS/recJcR8GGCdaSaHXq
recPFOMGTZoIaMF7S,4ca8ca71-36d2-4a90-963b-2d6aa2eb06be,description,2010NS,58581000,MSC,https://airtable.com/app95Qqnn3zB3iHEZ/tblK9Tm6I4hBKfNyS/recPFOMGTZoIaMF7S
recgEaYkRmUYkFO83,51059d31-94ce-418d-8727-3b16a684b1eb,description,2011,16016479,MSC,https://airtable.com/app95Qqnn3zB3iHEZ/tblK9Tm6I4hBKfNyS/recgEaYkRmUYkFO83
recBfkVKib718YVzn,567c9a28-c9d0-4a1a-b70f-510d023910cf,description,390NS,93233435,MSC,https://airtable.com/app95Qqnn3zB3iHEZ/tblK9Tm6I4hBKfNyS/recBfkVKib718YVzn
recVgif65vgvi6vHu,aa498371-c463-4334-aee0-858c00567026,description,0391NS,https://www.mscdirect.com/product/details/66730458,MSC,https://airtable.com/app95Qqnn3zB3iHEZ/tblK9Tm6I4hBKfNyS/recVgif65vgvi6vHu
recRMySJxRUcexGbA,29040e52-de8c-4a5c-8bff-e7932425e3f4,description,0110NS,939.0100.4.00 AN25,CTC,https://airtable.com/app95Qqnn3zB3iHEZ/tblK9Tm6I4hBKfNyS/recRMySJxRUcexGbA
rechFpwLbDfrplizZ,2f72f545-f875-4ab3-a9fe-a96382c71b22,description,1691NS,07462740,MSC,https://airtable.com/app95Qqnn3zB3iHEZ/tblK9Tm6I4hBKfNyS/rechFpwLbDfrplizZ
rechI8GXpzhLq7Gwg,2b8c6019-ab31-4518-99fb-0a981992b6e4,description,2012NS,80537442,MSC,https://airtable.com/app95Qqnn3zB3iHEZ/tblK9Tm6I4hBKfNyS/rechI8GXpzhLq7Gwg
recq7lk0KJqxeULMj,a9a064ca-4837-48a4-ac0c-d85a6efb35a0,description,1692NS,83246793,MSC,https://airtable.com/app95Qqnn3zB3iHEZ/tblK9Tm6I4hBKfNyS/recq7lk0KJqxeULMj
reckRp7VFt4CFy0Aw,c67a8b58-5fe2-4041-9f51-619f66372671,description,0392NS,,PT Solutions,https://airtable.com/app95Qqnn3zB3iHEZ/tblK9Tm6I4hBKfNyS/reckRp7VFt4CFy0Aw
recFJ7OWy50IkUIvh,756e8a53-5910-4eab-95b2-c5f6723dfbd7,description,0393NS,,,https://airtable.com/app95Qqnn3zB3iHEZ/tblK9Tm6I4hBKfNyS/recFJ7OWy50IkUIvh
recIf3Pj1yKI0HUwb,31b89882-e13d-4d6a-a632-a17a4ce46306,description,0394NS,99242687,MSC,https://airtable.com/app95Qqnn3zB3iHEZ/tblK9Tm6I4hBKfNyS/recIf3Pj1yKI0HUwb
recg5i8X4sh6PeZi8,80bca6ab-fee2-420c-bc01-e93be5c7c8b9,description,0395NS,62993514,MSC,https://airtable.com/app95Qqnn3zB3iHEZ/tblK9Tm6I4hBKfNyS/recg5i8X4sh6PeZi8
recxQkTizVNNxCnw4,deec61cd-443f-469a-b8d4-6f5d753dae5c,description,0396NS,58192675,MSC,https://airtable.com/app95Qqnn3zB3iHEZ/tblK9Tm6I4hBKfNyS/recxQkTizVNNxCnw4
recHkk1NhLZAgQHQb,3f287177-564c-4186-9975-abaa0b1dd0e0,description,0397NS,79889796,MSC,https://airtable.com/app95Qqnn3zB3iHEZ/tblK9Tm6I4hBKfNyS/recHkk1NhLZAgQHQb
recOfQFJqEiZBQESF,35e036d5-be56-4f3b-a62e-b116146affb0,description,0398NS,45266228,MSC,https://airtable.com/app95Qqnn3zB3iHEZ/tblK9Tm6I4hBKfNyS/recOfQFJqEiZBQESF
recS8YH2wfyKgAGHr,9f086ece-4cda-46e9-bb19-5abf86085446,numeric-base,0399NS,P5852188,Fraisa,https://airtable.com/app95Qqnn3zB3iHEZ/tblK9Tm6I4hBKfNyS/recS8YH2wfyKgAGHr
recgvGHjFLFtlTeYO,3fbe54a0-78c5-49c3-a2c3-5b596450fb95,description,0401NS,P5852252,Fraisa,https://airtable.com/app95Qqnn3zB3iHEZ/tblK9Tm6I4hBKfNyS/recgvGHjFLFtlTeYO
recW7WQ9rIjXYzVsI,26c27947-a114-4045-9d50-25c9db8028a0,description,0402NS,X6502160,Fraisa,https://airtable.com/app95Qqnn3zB3iHEZ/tblK9Tm6I4hBKfNyS/recW7WQ9rIjXYzVsI
recJVpFzGNYXQuVuw,fcf59f3c-0b03-484f-b453-b4ec1f6d0751,numeric-base,403NS,EDT-U32-12.1-TH,PT Solutions,https://airtable.com/app95Qqnn3zB3iHEZ/tblK9Tm6I4hBKfNyS/recJVpFzGNYXQuVuw
recQiUp6vGxpOhLN2,7acf8fb8-176f-491c-a363-04085fb2160c,description,0404NS,P98320432,Fraisa,https://airtable.com/app95Qqnn3zB3iHEZ/tblK9Tm6I4hBKfNyS/recQiUp6vGxpOhLN2
recpHDEKpG12oW7gw,0a327d99-886b-42c0-bbba-d5c571c8e069,description,0405NS,83-1180-C,Internal Tool,https://airtable.com/app95Qqnn3zB3iHEZ/tblK9Tm6I4hBKfNyS/recpHDEKpG12oW7gw
recMlHJOaWHsW9c62,06af439e-78e1-409a-a475-e807c1c13853,description,0406NS,Internal Tool 76-1205-C,CTC,https://airtable.com/app95Qqnn3zB3iHEZ/tblK9Tm6I4hBKfNyS/recMlHJOaWHsW9c62
recmzLwHacsD5D8p0,4ab5762d-65b9-4ae6-80f4-4ff5dad8cd94,numeric-base,0407NS,MF5-AS5202-4,AB Tools,https://airtable.com/app95Qqnn3zB3iHEZ/tblK9Tm6I4hBKfNyS/recmzLwHacsD5D8p0
recH6HSKG63yGE0ti,c77b4830-db22-4e12-885c-b19528af6406,numeric-base,0408NS,AB Tool AS5202-8 Custom Port Interpolation Tool,CTC,https://airtable.com/app95Qqnn3zB3iHEZ/tblK9Tm6I4hBKfNyS/recH6HSKG63yGE0ti
recAQUp21joda1Kc9,8c5312aa-10b8-4a2e-8db1-ab3c0fcc8423,numeric-base,0409NS,AB Tools -4005 part thread undercut tool,CTC,https://airtable.com/app95Qqnn3zB3iHEZ/tblK9Tm6I4hBKfNyS/recAQUp21joda1Kc9
recyJojNdsNvSohdm,b5fdb609-aa29-444a-b57f-59ec9acbdc46,numeric-base,0410NS,AB Tools -4500 part seal undercut tool,CTC,https://airtable.com/app95Qqnn3zB3iHEZ/tblK9Tm6I4hBKfNyS/recyJojNdsNvSohdm
reczUwdoHMxsQ0OsW,e9a95352-1cf1-45e6-bfc5-8aa8d7ae6611,numeric-base,0411NS,AS5202-02 Port Interpolation Tool,AB Tools,https://airtable.com/app95Qqnn3zB3iHEZ/tblK9Tm6I4hBKfNyS/reczUwdoHMxsQ0OsW
recSUp2bFLWMb3r50,241bb618-805f-4ce7-b402-b7137c455c9d,description,0412,P98111432,Fraisa,https://airtable.com/app95Qqnn3zB3iHEZ/tblK9Tm6I4hBKfNyS/recSUp2bFLWMb3r50
recNiHPIHRVN0v6OC,fe9f3bf9-0cb0-443a-bf88-98ea862c258a,description,0413,P98101252,Fraisa,https://airtable.com/app95Qqnn3zB3iHEZ/tblK9Tm6I4hBKfNyS/recNiHPIHRVN0v6OC
recLZwi0PE12dVwwG,63b7a6df-0454-47b6-92c7-9223169c28f9,numeric-base,0414NS,78695087,MSC,https://airtable.com/app95Qqnn3zB3iHEZ/tblK9Tm6I4hBKfNyS/recLZwi0PE12dVwwG
recUV6Bt4R52RGMp9,8d9f9882-3ee6-4c1b-8446-6fcd5b0fa3e3,description,0415NS,MSC Number 51908879,Scientific Cutting Tools,https://airtable.com/app95Qqnn3zB3iHEZ/tblK9Tm6I4hBKfNyS/recUV6Bt4R52RGMp9
recUG4ibgfeObcNB5,b2529748-f767-4791-9ced-b905a06f6270,description,0416NS,EDT-U40-5.7-TH,PTS or ASI,https://airtable.com/app95Qqnn3zB3iHEZ/tblK9Tm6I4hBKfNyS/recUG4ibgfeObcNB5
recOZ050TkTZGwi3t,a9845c89-364e-4ac5-b425-6e00e36dcdc8,numeric-base,0417NS,07031,Helical,https://airtable.com/app95Qqnn3zB3iHEZ/tblK9Tm6I4hBKfNyS/recOZ050TkTZGwi3t
rec2gXOZteEarIlH4,acbfa81a-b48b-4a0a-bc4d-f2ab6ff2281e,numeric-base,0418NS,02257814,MSC,https://airtable.com/app95Qqnn3zB3iHEZ/tblK9Tm6I4hBKfNyS/rec2gXOZteEarIlH4
recpNSUBZKV5RSVEO,b8f8526e-f799-4c86-955d-fca94d2c3e73,numeric-base,0419,Harvey Tool 925316,MSC,https://airtable.com/app95Qqnn3zB3iHEZ/tblK9Tm6I4hBKfNyS/recpNSUBZKV5RSVEO
recyWYNQLdC3Elzwx,d6c959c2-fa85-476e-bf52-9114f2164785,description,0420NS,SCT TM370-20EXJ-A,MSC,https://airtable.com/app95Qqnn3zB3iHEZ/tblK9Tm6I4hBKfNyS/recyWYNQLdC3Elzwx
recu02HyOdwJAA2gM,91ae3e38-a043-4c53-a02a-ddc900f2b501,numeric-base,0421NS,Accupro 14883464,MSC,https://airtable.com/app95Qqnn3zB3iHEZ/tblK9Tm6I4hBKfNyS/recu02HyOdwJAA2gM
recUyGGPQ7BgRjLgD,5f733e41-5b40-4330-bffc-b5b5d618f9a0,numeric-base,1596NS,58232810,MSC,https://airtable.com/app95Qqnn3zB3iHEZ/tblK9Tm6I4hBKfNyS/recUyGGPQ7BgRjLgD
recyGAHx2R5hNigNh,217e9f4d-7501-481e-8178-0e4c7da38bc7,numeric-base,1693,99238792,MSC,https://airtable.com/app95Qqnn3zB3iHEZ/tblK9Tm6I4hBKfNyS/recyGAHx2R5hNigNh
recev8lue9pqvKMzU,217e9f4d-7501-481e-8178-0e4c7da38bc7,description,1693NS,55447361,MSC,https://airtable.com/app95Qqnn3zB3iHEZ/tblK9Tm6I4hBKfNyS/recev8lue9pqvKMzU
recp6pRrrJhXRoW8i,5498a4f3-5de0-4a5c-8f99-bd24df83d61e,description,1694NS,55447361,MSC,https://airtable.com/app95Qqnn3zB3iHEZ/tblK9Tm6I4hBKfNyS/recp6pRrrJhXRoW8i
rec4QiLZNPZxmtWsq,5f4b5e0d-2a3a-43e7-a5a8-e5c756379791,description,1695NS,DH451177,YG1,https://airtable.com/app95Qqnn3zB3iHEZ/tblK9Tm6I4hBKfNyS/rec4QiLZNPZxmtWsq
recT2YxAeSLemmtKT,fc12b240-637a-4b6a-9018-587b2c19f7ef,description,1696NS,Nachi 0734130,CTC,https://airtable.com/app95Qqnn3zB3iHEZ/tblK9Tm6I4hBKfNyS/recT2YxAeSLemmtKT
recsLB331MQfdqLhH,a57bd96e-b44b-4681-b1ef-3042d34d2a3b,description,1697NS,Nachi 0734336,CTC,https://airtable.com/app95Qqnn3zB3iHEZ/tblK9Tm6I4hBKfNyS/recsLB331MQfdqLhH
recema3330fxgCFWe,2fcbfc25-7e63-4590-b07c-053d18f8e6d1,description,1698NS,Nachi 1571126,CTC,https://airtable.com/app95Qqnn3zB3iHEZ/tblK9Tm6I4hBKfNyS/recema3330fxgCFWe
recIWNF5L97MiruIK,0d9ab85c-aef7-4018-a9ef-f026eb2ff67b,description,1699NS,Mikron 2.CD.150255.IC,CTC,https://airtable.com/app95Qqnn3zB3iHEZ/tblK9Tm6I4hBKfNyS/recIWNF5L97MiruIK
recVqHkGB6ielyfsE,bb780809-a133-4b0c-a3ee-3c68e9e9fae3,description,1700NS,Mikron 2.PD.02550.090.IC,CTC,https://airtable.com/app95Qqnn3zB3iHEZ/tblK9Tm6I4hBKfNyS/recVqHkGB6ielyfsE
recdtoaQNNBF1rUpo,423bc4b1-9aae-48e7-9416-b438bf0bedc4,description,1701NS,Nachi AQRVD0H5D0450,CTC,https://airtable.com/app95Qqnn3zB3iHEZ/tblK9Tm6I4hBKfNyS/recdtoaQNNBF1rUpo
recYM6AmWaUIDmXLo,c7af81f8-3819-4d94-a868-868d3daa6d8a,numeric-base,1702NS,MSC# 55468797,OSG,https://airtable.com/app95Qqnn3zB3iHEZ/tblK9Tm6I4hBKfNyS/recYM6AmWaUIDmXLo
rec0dpNKJb8f4L9WU,34161ad1-014a-4f1d-ab98-04c6fd243287,numeric-base,1703NS,MSC #30145684,Hertel,https://airtable.com/app95Qqnn3zB3iHEZ/tblK9Tm6I4hBKfNyS/rec0dpNKJb8f4L9WU
rec64DGx6UsCTIKgO,22a033a2-cd43-4bb4-8446-683ba87a0391,numeric-base,1704NS,Guhring 9024640028200,MSC,https://airtable.com/app95Qqnn3zB3iHEZ/tblK9Tm6I4hBKfNyS/rec64DGx6UsCTIKgO
reciCH2SAJT9E7oZj,b5c9082c-3a70-4932-88c5-5f0aef2adbfd,numeric-base,2013NS,86655354,MSC,https://airtable.com/app95Qqnn3zB3iHEZ/tblK9Tm6I4hBKfNyS/reciCH2SAJT9E7oZj
reclyL1kJz7K9mKCP,752b54c0-ff90-47e3-8aac-2e7fa2d76e37,description,2015NS,83246702,MSC,https://airtable.com/app95Qqnn3zB3iHEZ/tblK9Tm6I4hBKfNyS/reclyL1kJz7K9mKCP
recg4fsRJIanOw1Au,8f326863-a7fb-4d5b-8ab2-5f9906f536ff,description,2016NS,49720501,MSC,https://airtable.com/app95Qqnn3zB3iHEZ/tblK9Tm6I4hBKfNyS/recg4fsRJIanOw1Au
recEu012jRkCQKe8G,5bade30d-2e6d-4df3-8054-5f7ccd28f24d,numeric-base,2017NS,05728464,MSC,https://airtable.com/app95Qqnn3zB3iHEZ/tblK9Tm6I4hBKfNyS/recEu012jRkCQKe8G
recCrm10S3Awga4Y8,800dc749-36b7-44e3-af80-3292729ed7dc,description,2018NS,Nachi  L9606 1.8mm 5XD  EDP#0737284,CTC,https://airtable.com/app95Qqnn3zB3iHEZ/tblK9Tm6I4hBKfNyS/recCrm10S3Awga4Y8
recvuPP6NmvoVLqgI,ab7f9bd9-0a34-4372-8ae0-ab0595980484,description,2019NS,29107877,MSC,https://airtable.com/app95Qqnn3zB3iHEZ/tblK9Tm6I4hBKfNyS/recvuPP6NmvoVLqgI
recfr289EllJcGm8l,61e51b79-9882-404f-a976-8a2becff24d4,description,2020NS,Guhring 9044870012000,MSC,https://airtable.com/app95Qqnn3zB3iHEZ/tblK9Tm6I4hBKfNyS/recfr289EllJcGm8l
recv6BEldgC7Ws9YX,1eacb501-09a8-459e-b102-7eb610499219,description,2021NS,Balax 10282-010,MSC,https://airtable.com/app95Qqnn3zB3iHEZ/tblK9Tm6I4hBKfNyS/recv6BEldgC7Ws9YX
rec5Otb4tkcB0F9aQ,dfcb0198-2652-4077-97ee-e89f63a0c259,numeric-base,2022NS,Harvey RRH0620,MSC,https://airtable.com/app95Qqnn3zB3iHEZ/tblK9Tm6I4hBKfNyS/rec5Otb4tkcB0F9aQ
recr6qs2PUdVbgYMY,c794cd73-ff6f-4ef9-bcdf-c91338c7c16d,numeric-base,2023NS,Guhring 9005490014500,MSC,https://airtable.com/app95Qqnn3zB3iHEZ/tblK9Tm6I4hBKfNyS/recr6qs2PUdVbgYMY
recsh6HePeEeUWKSM,50bb1c2c-edd6-4355-9cc7-9cfcea06c25f,description,3015NS,64183486,MSC,https://airtable.com/app95Qqnn3zB3iHEZ/tblK9Tm6I4hBKfNyS/recsh6HePeEeUWKSM
recNYS04QxncmJHQ3,0ff076f1-2e58-49e8-ada2-d687fe526141,description,3016NS,2582A486,McMaster,https://airtable.com/app95Qqnn3zB3iHEZ/tblK9Tm6I4hBKfNyS/recNYS04QxncmJHQ3
receMESYi9gc6YHtJ,8a03427b-73f6-423d-8c13-b6a279adacf3,numeric-base,3017NS,3195A2557792590,McMaster,https://airtable.com/app95Qqnn3zB3iHEZ/tblK9Tm6I4hBKfNyS/receMESYi9gc6YHtJ
reckaFcslHLGk9GF9,a9165049-d5d2-4810-bff2-37702e01101a,description,3018NS,,McMaster,https://airtable.com/app95Qqnn3zB3iHEZ/tblK9Tm6I4hBKfNyS/reckaFcslHLGk9GF9
